system,category,property,method,value,reference,error,relative_error_percent,source
Cu,transition_metal,lattice_constant_A,revPBE_vdW,3.708,3.595,0.11299999999999999,3.143254520166905,"Klimes et al., Phys. Rev. B 83, 195131 (2011)"
Cu,transition_metal,lattice_constant_A,rPW86_vdW2,3.757,3.595,0.16199999999999992,4.50625869262864,"Klimes et al., Phys. Rev. B 83, 195131 (2011)"
Cu,transition_metal,lattice_constant_A,optPBE_vdW,3.655,3.595,0.05999999999999961,1.6689847009735637,"Klimes et al., Phys. Rev. B 83, 195131 (2011)"
Cu,transition_metal,lattice_constant_A,optB88_vdW,3.632,3.595,0.03699999999999992,1.0292072322670265,"Klimes et al., Phys. Rev. B 83, 195131 (2011)"
Cu,transition_metal,lattice_constant_A,optB86b_vdW,3.605,3.595,0.009999999999999787,0.2781641168289273,"Klimes et al., Phys. Rev. B 83, 195131 (2011)"
Cu,transition_metal,lattice_constant_A,LDA,3.517,3.595,-0.07800000000000029,-2.1696801112656594,"Klimes et al., Phys. Rev. B 83, 195131 (2011)"
Cu,transition_metal,lattice_constant_A,PBEsol,3.569,3.595,-0.026000000000000245,-0.7232267037552198,"Klimes et al., Phys. Rev. B 83, 195131 (2011)"
Cu,transition_metal,lattice_constant_A,PBE,3.635,3.595,0.03999999999999959,1.112656467315709,"Klimes et al., Phys. Rev. B 83, 195131 (2011)"
Ag,transition_metal,lattice_constant_A,revPBE_vdW,4.254,4.056,0.1979999999999995,4.881656804733714,"Klimes et al., Phys. Rev. B 83, 195131 (2011)"
Ag,transition_metal,lattice_constant_A,rPW86_vdW2,4.331,4.056,0.27500000000000036,6.780078895463526,"Klimes et al., Phys. Rev. B 83, 195131 (2011)"
Ag,transition_metal,lattice_constant_A,optPBE_vdW,4.174,4.056,0.11800000000000033,2.909270216962523,"Klimes et al., Phys. Rev. B 83, 195131 (2011)"
Ag,transition_metal,lattice_constant_A,optB88_vdW,4.141,4.056,0.08499999999999996,2.0956607495069113,"Klimes et al., Phys. Rev. B 83, 195131 (2011)"
Ag,transition_metal,lattice_constant_A,optB86b_vdW,4.101,4.056,0.04499999999999993,1.1094674556213047,"Klimes et al., Phys. Rev. B 83, 195131 (2011)"
Ag,transition_metal,lattice_constant_A,LDA,4.01,4.056,-0.04600000000000026,-1.1341222879684532,"Klimes et al., Phys. Rev. B 83, 195131 (2011)"
Ag,transition_metal,lattice_constant_A,PBEsol,4.059,4.056,0.0030000000000001137,0.07396449704142327,"Klimes et al., Phys. Rev. B 83, 195131 (2011)"
Ag,transition_metal,lattice_constant_A,PBE,4.154,4.056,0.09799999999999986,2.4161735700197307,"Klimes et al., Phys. Rev. B 83, 195131 (2011)"
Pd,transition_metal,lattice_constant_A,revPBE_vdW,4.014,3.875,0.13900000000000023,3.5870967741935544,"Klimes et al., Phys. Rev. B 83, 195131 (2011)"
Pd,transition_metal,lattice_constant_A,rPW86_vdW2,4.086,3.875,0.2110000000000003,5.445161290322598,"Klimes et al., Phys. Rev. B 83, 195131 (2011)"
Pd,transition_metal,lattice_constant_A,optPBE_vdW,3.96,3.875,0.08499999999999996,2.1935483870967776,"Klimes et al., Phys. Rev. B 83, 195131 (2011)"
Pd,transition_metal,lattice_constant_A,optB88_vdW,3.941,3.875,0.06599999999999984,1.7032258064516137,"Klimes et al., Phys. Rev. B 83, 195131 (2011)"
Pd,transition_metal,lattice_constant_A,optB86b_vdW,3.909,3.875,0.03399999999999981,0.8774193548387155,"Klimes et al., Phys. Rev. B 83, 195131 (2011)"
Pd,transition_metal,lattice_constant_A,LDA,3.836,3.875,-0.039000000000000146,-1.0064516129032253,"Klimes et al., Phys. Rev. B 83, 195131 (2011)"
Pd,transition_metal,lattice_constant_A,PBEsol,3.876,3.875,0.0009999999999998899,0.02580645161289752,"Klimes et al., Phys. Rev. B 83, 195131 (2011)"
Pd,transition_metal,lattice_constant_A,PBE,3.943,3.875,0.06800000000000006,1.754838709677431,"Klimes et al., Phys. Rev. B 83, 195131 (2011)"
Rh,transition_metal,lattice_constant_A,revPBE_vdW,3.882,3.793,0.08899999999999997,2.3464276298444497,"Klimes et al., Phys. Rev. B 83, 195131 (2011)"
Rh,transition_metal,lattice_constant_A,rPW86_vdW2,3.945,3.793,0.1519999999999997,4.007382019509609,"Klimes et al., Phys. Rev. B 83, 195131 (2011)"
Rh,transition_metal,lattice_constant_A,optPBE_vdW,3.843,3.793,0.04999999999999982,1.3182177695755248,"Klimes et al., Phys. Rev. B 83, 195131 (2011)"
Rh,transition_metal,lattice_constant_A,optB88_vdW,3.831,3.793,0.03799999999999981,1.0018455048774078,"Klimes et al., Phys. Rev. B 83, 195131 (2011)"
Rh,transition_metal,lattice_constant_A,optB86b_vdW,3.805,3.793,0.01200000000000001,0.3163722646981393,"Klimes et al., Phys. Rev. B 83, 195131 (2011)"
Rh,transition_metal,lattice_constant_A,LDA,3.755,3.793,-0.038000000000000256,-1.0018455048774078,"Klimes et al., Phys. Rev. B 83, 195131 (2011)"
Rh,transition_metal,lattice_constant_A,PBEsol,3.78,3.793,-0.013000000000000345,-0.34273662008964534,"Klimes et al., Phys. Rev. B 83, 195131 (2011)"
Rh,transition_metal,lattice_constant_A,PBE,3.83,3.793,0.03699999999999992,0.9754811494858906,"Klimes et al., Phys. Rev. B 83, 195131 (2011)"
Li,alkali_metal,lattice_constant_A,revPBE_vdW,3.453,3.449,0.0040000000000000036,0.11597564511451885,"Klimes et al., Phys. Rev. B 83, 195131 (2011)"
Li,alkali_metal,lattice_constant_A,rPW86_vdW2,3.396,3.449,-0.052999999999999936,-1.5366772977674636,"Klimes et al., Phys. Rev. B 83, 195131 (2011)"
Li,alkali_metal,lattice_constant_A,optPBE_vdW,3.44,3.449,-0.008999999999999897,-0.2609452015076785,"Klimes et al., Phys. Rev. B 83, 195131 (2011)"
Li,alkali_metal,lattice_constant_A,optB88_vdW,3.432,3.449,-0.016999999999999904,-0.49289649173672734,"Klimes et al., Phys. Rev. B 83, 195131 (2011)"
Li,alkali_metal,lattice_constant_A,optB86b_vdW,3.452,3.449,0.0030000000000001137,0.08698173383590024,"Klimes et al., Phys. Rev. B 83, 195131 (2011)"
Li,alkali_metal,lattice_constant_A,LDA,3.363,3.449,-0.08599999999999985,-2.4934763699622997,"Klimes et al., Phys. Rev. B 83, 195131 (2011)"
Li,alkali_metal,lattice_constant_A,PBEsol,3.436,3.449,-0.0129999999999999,-0.3769208466222085,"Klimes et al., Phys. Rev. B 83, 195131 (2011)"
Li,alkali_metal,lattice_constant_A,PBE,3.437,3.449,-0.01200000000000001,-0.34792693534357877,"Klimes et al., Phys. Rev. B 83, 195131 (2011)"
Na,alkali_metal,lattice_constant_A,revPBE_vdW,4.233,4.21,0.022999999999999687,0.5463182897862184,"Klimes et al., Phys. Rev. B 83, 195131 (2011)"
Na,alkali_metal,lattice_constant_A,rPW86_vdW2,4.156,4.21,-0.05400000000000027,-1.2826603325415742,"Klimes et al., Phys. Rev. B 83, 195131 (2011)"
Na,alkali_metal,lattice_constant_A,optPBE_vdW,4.195,4.21,-0.01499999999999968,-0.3562945368170922,"Klimes et al., Phys. Rev. B 83, 195131 (2011)"
Na,alkali_metal,lattice_constant_A,optB88_vdW,4.169,4.21,-0.04100000000000037,-0.973871733966758,"Klimes et al., Phys. Rev. B 83, 195131 (2011)"
Na,alkali_metal,lattice_constant_A,optB86b_vdW,4.191,4.21,-0.019000000000000128,-0.45130641330166643,"Klimes et al., Phys. Rev. B 83, 195131 (2011)"
Na,alkali_metal,lattice_constant_A,LDA,4.054,4.21,-0.1559999999999997,-3.70546318289785,"Klimes et al., Phys. Rev. B 83, 195131 (2011)"
Na,alkali_metal,lattice_constant_A,PBEsol,4.174,4.21,-0.03599999999999959,-0.8551068883610347,"Klimes et al., Phys. Rev. B 83, 195131 (2011)"
Na,alkali_metal,lattice_constant_A,PBE,4.2,4.21,-0.009999999999999787,-0.23752969121139111,"Klimes et al., Phys. Rev. B 83, 195131 (2011)"
K,alkali_metal,lattice_constant_A,revPBE_vdW,5.293,5.212,0.0810000000000004,1.5541059094397625,"Klimes et al., Phys. Rev. B 83, 195131 (2011)"
K,alkali_metal,lattice_constant_A,rPW86_vdW2,5.177,5.212,-0.03500000000000014,-0.6715272448196474,"Klimes et al., Phys. Rev. B 83, 195131 (2011)"
K,alkali_metal,lattice_constant_A,optPBE_vdW,5.225,5.212,0.0129999999999999,0.24942440521873444,"Klimes et al., Phys. Rev. B 83, 195131 (2011)"
K,alkali_metal,lattice_constant_A,optB88_vdW,5.168,5.212,-0.043999999999999595,-0.8442056792018371,"Klimes et al., Phys. Rev. B 83, 195131 (2011)"
K,alkali_metal,lattice_constant_A,optB86b_vdW,5.202,5.212,-0.009999999999999787,-0.19186492709132308,"Klimes et al., Phys. Rev. B 83, 195131 (2011)"
K,alkali_metal,lattice_constant_A,LDA,5.046,5.212,-0.16599999999999948,-3.1849577897160253,"Klimes et al., Phys. Rev. B 83, 195131 (2011)"
K,alkali_metal,lattice_constant_A,PBEsol,5.216,5.212,0.004000000000000448,0.07674597083653367,"Klimes et al., Phys. Rev. B 83, 195131 (2011)"
K,alkali_metal,lattice_constant_A,PBE,5.284,5.212,0.07200000000000006,1.3814274750575617,"Klimes et al., Phys. Rev. B 83, 195131 (2011)"
Rb,alkali_metal,lattice_constant_A,revPBE_vdW,5.672,5.576,0.09600000000000009,1.7216642754662947,"Klimes et al., Phys. Rev. B 83, 195131 (2011)"
Rb,alkali_metal,lattice_constant_A,rPW86_vdW2,5.55,5.576,-0.0259999999999998,-0.46628407460544974,"Klimes et al., Phys. Rev. B 83, 195131 (2011)"
Rb,alkali_metal,lattice_constant_A,optPBE_vdW,5.584,5.576,0.008000000000000007,0.1434720229555264,"Klimes et al., Phys. Rev. B 83, 195131 (2011)"
Rb,alkali_metal,lattice_constant_A,optB88_vdW,5.506,5.576,-0.0699999999999994,-1.2553802008608228,"Klimes et al., Phys. Rev. B 83, 195131 (2011)"
Rb,alkali_metal,lattice_constant_A,optB86b_vdW,5.541,5.576,-0.034999999999999254,-0.6276901004304003,"Klimes et al., Phys. Rev. B 83, 195131 (2011)"
Rb,alkali_metal,lattice_constant_A,LDA,5.373,5.576,-0.2029999999999994,-3.6406025824963995,"Klimes et al., Phys. Rev. B 83, 195131 (2011)"
Rb,alkali_metal,lattice_constant_A,PBEsol,5.572,5.576,-0.0039999999999995595,-0.0717360114777521,"Klimes et al., Phys. Rev. B 83, 195131 (2011)"
Rb,alkali_metal,lattice_constant_A,PBE,5.671,5.576,0.09500000000000064,1.7037302725968484,"Klimes et al., Phys. Rev. B 83, 195131 (2011)"
Cs,alkali_metal,lattice_constant_A,revPBE_vdW,6.141,6.039,0.10200000000000031,1.6890213611525207,"Klimes et al., Phys. Rev. B 83, 195131 (2011)"
Cs,alkali_metal,lattice_constant_A,rPW86_vdW2,5.987,6.039,-0.0519999999999996,-0.8610697135287282,"Klimes et al., Phys. Rev. B 83, 195131 (2011)"
Cs,alkali_metal,lattice_constant_A,optPBE_vdW,6.022,6.039,-0.01699999999999946,-0.2815035601920757,"Klimes et al., Phys. Rev. B 83, 195131 (2011)"
Cs,alkali_metal,lattice_constant_A,optB88_vdW,5.899,6.039,-0.13999999999999968,-2.3182646133465767,"Klimes et al., Phys. Rev. B 83, 195131 (2011)"
Cs,alkali_metal,lattice_constant_A,optB86b_vdW,5.945,6.039,-0.09399999999999942,-1.556549097532689,"Klimes et al., Phys. Rev. B 83, 195131 (2011)"
Cs,alkali_metal,lattice_constant_A,LDA,5.751,6.039,-0.28799999999999937,-4.769001490312952,"Klimes et al., Phys. Rev. B 83, 195131 (2011)"
Cs,alkali_metal,lattice_constant_A,PBEsol,6.015,6.039,-0.02400000000000002,-0.3974167908594173,"Klimes et al., Phys. Rev. B 83, 195131 (2011)"
Cs,alkali_metal,lattice_constant_A,PBE,6.16,6.039,0.12100000000000044,2.0036429872495543,"Klimes et al., Phys. Rev. B 83, 195131 (2011)"
Ca,alkaline_earth_metal,lattice_constant_A,revPBE_vdW,5.555,5.553,0.0019999999999997797,0.03601656762111105,"Klimes et al., Phys. Rev. B 83, 195131 (2011)"
Ca,alkaline_earth_metal,lattice_constant_A,rPW86_vdW2,5.493,5.553,-0.05999999999999961,-1.080497028633165,"Klimes et al., Phys. Rev. B 83, 195131 (2011)"
Ca,alkaline_earth_metal,lattice_constant_A,optPBE_vdW,5.502,5.553,-0.051000000000000156,-0.9184224743381986,"Klimes et al., Phys. Rev. B 83, 195131 (2011)"
Ca,alkaline_earth_metal,lattice_constant_A,optB88_vdW,5.45,5.553,-0.10299999999999976,-1.8548532324869416,"Klimes et al., Phys. Rev. B 83, 195131 (2011)"
Ca,alkaline_earth_metal,lattice_constant_A,optB86b_vdW,5.465,5.553,-0.08800000000000008,-1.584728975328653,"Klimes et al., Phys. Rev. B 83, 195131 (2011)"
Ca,alkaline_earth_metal,lattice_constant_A,LDA,5.328,5.553,-0.22499999999999964,-4.051863857374382,"Klimes et al., Phys. Rev. B 83, 195131 (2011)"
Ca,alkaline_earth_metal,lattice_constant_A,PBEsol,5.461,5.553,-0.09199999999999964,-1.656762110570853,"Klimes et al., Phys. Rev. B 83, 195131 (2011)"
Ca,alkaline_earth_metal,lattice_constant_A,PBE,5.533,5.553,-0.019999999999999574,-0.3601656762110439,"Klimes et al., Phys. Rev. B 83, 195131 (2011)"
Sr,alkaline_earth_metal,lattice_constant_A,revPBE_vdW,6.052,6.045,0.006999999999999673,0.11579818031430822,"Klimes et al., Phys. Rev. B 83, 195131 (2011)"
Sr,alkaline_earth_metal,lattice_constant_A,rPW86_vdW2,6.005,6.045,-0.040000000000000036,-0.6617038875103343,"Klimes et al., Phys. Rev. B 83, 195131 (2011)"
Sr,alkaline_earth_metal,lattice_constant_A,optPBE_vdW,5.979,6.045,-0.06599999999999984,-1.091811414392052,"Klimes et al., Phys. Rev. B 83, 195131 (2011)"
Sr,alkaline_earth_metal,lattice_constant_A,optB88_vdW,5.917,6.045,-0.1280000000000001,-2.117452440033085,"Klimes et al., Phys. Rev. B 83, 195131 (2011)"
Sr,alkaline_earth_metal,lattice_constant_A,optB86b_vdW,5.921,6.045,-0.12399999999999967,-2.051282051282044,"Klimes et al., Phys. Rev. B 83, 195131 (2011)"
Sr,alkaline_earth_metal,lattice_constant_A,LDA,5.782,6.045,-0.2629999999999999,-4.350703060380479,"Klimes et al., Phys. Rev. B 83, 195131 (2011)"
Sr,alkaline_earth_metal,lattice_constant_A,PBEsol,5.913,6.045,-0.13199999999999967,-2.1836228287841153,"Klimes et al., Phys. Rev. B 83, 195131 (2011)"
Sr,alkaline_earth_metal,lattice_constant_A,PBE,6.019,6.045,-0.0259999999999998,-0.4301075268817178,"Klimes et al., Phys. Rev. B 83, 195131 (2011)"
Ba,alkaline_earth_metal,lattice_constant_A,revPBE_vdW,5.073,4.995,0.07800000000000029,1.5615615615615752,"Klimes et al., Phys. Rev. B 83, 195131 (2011)"
Ba,alkaline_earth_metal,lattice_constant_A,rPW86_vdW2,5.058,4.995,0.06299999999999972,1.2612612612612484,"Klimes et al., Phys. Rev. B 83, 195131 (2011)"
Ba,alkaline_earth_metal,lattice_constant_A,optPBE_vdW,4.987,4.995,-0.008000000000000007,-0.160160160160161,"Klimes et al., Phys. Rev. B 83, 195131 (2011)"
Ba,alkaline_earth_metal,lattice_constant_A,optB88_vdW,4.917,4.995,-0.07800000000000029,-1.5615615615615641,"Klimes et al., Phys. Rev. B 83, 195131 (2011)"
Ba,alkaline_earth_metal,lattice_constant_A,optB86b_vdW,4.906,4.995,-0.08900000000000041,-1.7817817817817883,"Klimes et al., Phys. Rev. B 83, 195131 (2011)"
Ba,alkaline_earth_metal,lattice_constant_A,LDA,4.747,4.995,-0.24800000000000022,-4.9649649649649685,"Klimes et al., Phys. Rev. B 83, 195131 (2011)"
Ba,alkaline_earth_metal,lattice_constant_A,PBEsol,4.894,4.995,-0.10099999999999998,-2.0220220220220186,"Klimes et al., Phys. Rev. B 83, 195131 (2011)"
Ba,alkaline_earth_metal,lattice_constant_A,PBE,5.028,4.995,0.032999999999999474,0.6606606606606391,"Klimes et al., Phys. Rev. B 83, 195131 (2011)"
Al,simple_metal,lattice_constant_A,revPBE_vdW,4.084,4.02,0.06400000000000006,1.5920398009950265,"Klimes et al., Phys. Rev. B 83, 195131 (2011)"
Al,simple_metal,lattice_constant_A,rPW86_vdW2,4.084,4.02,0.06400000000000006,1.5920398009950265,"Klimes et al., Phys. Rev. B 83, 195131 (2011)"
Al,simple_metal,lattice_constant_A,optPBE_vdW,4.058,4.02,0.038000000000000256,0.9452736318408039,"Klimes et al., Phys. Rev. B 83, 195131 (2011)"
Al,simple_metal,lattice_constant_A,optB88_vdW,4.054,4.02,0.034000000000000696,0.8457711442786175,"Klimes et al., Phys. Rev. B 83, 195131 (2011)"
Al,simple_metal,lattice_constant_A,optB86b_vdW,4.036,4.02,0.016000000000000014,0.3980099502487455,"Klimes et al., Phys. Rev. B 83, 195131 (2011)"
Al,simple_metal,lattice_constant_A,LDA,3.985,4.02,-0.0349999999999997,-0.8706467661691475,"Klimes et al., Phys. Rev. B 83, 195131 (2011)"
Al,simple_metal,lattice_constant_A,PBEsol,4.018,4.02,-0.0019999999999997797,-0.04975124378109319,"Klimes et al., Phys. Rev. B 83, 195131 (2011)"
Al,simple_metal,lattice_constant_A,PBE,4.041,4.02,0.021000000000000796,0.5223880597015063,"Klimes et al., Phys. Rev. B 83, 195131 (2011)"
LiF,ionic,lattice_constant_A,revPBE_vdW,4.116,3.964,0.1519999999999997,3.8345105953582204,"Klimes et al., Phys. Rev. B 83, 195131 (2011)"
LiF,ionic,lattice_constant_A,rPW86_vdW2,4.08,3.964,0.1160000000000001,2.9263370332996974,"Klimes et al., Phys. Rev. B 83, 195131 (2011)"
LiF,ionic,lattice_constant_A,optPBE_vdW,4.067,3.964,0.1030000000000002,2.598385469223019,"Klimes et al., Phys. Rev. B 83, 195131 (2011)"
LiF,ionic,lattice_constant_A,optB88_vdW,4.033,3.964,0.0690000000000004,1.7406659939455116,"Klimes et al., Phys. Rev. B 83, 195131 (2011)"
LiF,ionic,lattice_constant_A,optB86b_vdW,4.037,3.964,0.07299999999999995,1.8415741675075648,"Klimes et al., Phys. Rev. B 83, 195131 (2011)"
LiF,ionic,lattice_constant_A,LDA,3.913,3.964,-0.051000000000000156,-1.28657921291625,"Klimes et al., Phys. Rev. B 83, 195131 (2011)"
LiF,ionic,lattice_constant_A,PBEsol,4.01,3.964,0.04599999999999982,1.160443995963667,"Klimes et al., Phys. Rev. B 83, 195131 (2011)"
LiF,ionic,lattice_constant_A,PBE,4.068,3.964,0.10399999999999965,2.6236125126135157,"Klimes et al., Phys. Rev. B 83, 195131 (2011)"
LiCl,ionic,lattice_constant_A,revPBE_vdW,5.223,5.056,0.16699999999999982,3.303006329113911,"Klimes et al., Phys. Rev. B 83, 195131 (2011)"
LiCl,ionic,lattice_constant_A,rPW86_vdW2,5.204,5.056,0.1479999999999997,2.927215189873422,"Klimes et al., Phys. Rev. B 83, 195131 (2011)"
LiCl,ionic,lattice_constant_A,optPBE_vdW,5.153,5.056,0.09699999999999953,1.9185126582278444,"Klimes et al., Phys. Rev. B 83, 195131 (2011)"
LiCl,ionic,lattice_constant_A,optB88_vdW,5.114,5.056,0.05799999999999983,1.1471518987341778,"Klimes et al., Phys. Rev. B 83, 195131 (2011)"
LiCl,ionic,lattice_constant_A,optB86b_vdW,5.103,5.056,0.04699999999999971,0.9295886075949333,"Klimes et al., Phys. Rev. B 83, 195131 (2011)"
LiCl,ionic,lattice_constant_A,LDA,4.968,5.056,-0.08800000000000008,-1.7405063291139222,"Klimes et al., Phys. Rev. B 83, 195131 (2011)"
LiCl,ionic,lattice_constant_A,PBEsol,5.067,5.056,0.01100000000000012,0.21756329113924444,"Klimes et al., Phys. Rev. B 83, 195131 (2011)"
LiCl,ionic,lattice_constant_A,PBE,5.152,5.056,0.09600000000000009,1.8987341772152,"Klimes et al., Phys. Rev. B 83, 195131 (2011)"
NaF,ionic,lattice_constant_A,revPBE_vdW,4.752,4.579,0.17300000000000004,3.7781174929023775,"Klimes et al., Phys. Rev. B 83, 195131 (2011)"
NaF,ionic,lattice_constant_A,rPW86_vdW2,4.693,4.579,0.11399999999999988,2.4896265560165887,"Klimes et al., Phys. Rev. B 83, 195131 (2011)"
NaF,ionic,lattice_constant_A,optPBE_vdW,4.693,4.579,0.11399999999999988,2.4896265560165887,"Klimes et al., Phys. Rev. B 83, 195131 (2011)"
NaF,ionic,lattice_constant_A,optB88_vdW,4.647,4.579,0.0680000000000005,1.485040401834481,"Klimes et al., Phys. Rev. B 83, 195131 (2011)"
NaF,ionic,lattice_constant_A,optB86b_vdW,4.658,4.579,0.07900000000000063,1.7252675256606453,"Klimes et al., Phys. Rev. B 83, 195131 (2011)"
NaF,ionic,lattice_constant_A,LDA,4.502,4.579,-0.07699999999999996,-1.6815898667831397,"Klimes et al., Phys. Rev. B 83, 195131 (2011)"
NaF,ionic,lattice_constant_A,PBEsol,4.636,4.579,0.057000000000000384,1.2448132780083165,"Klimes et al., Phys. Rev. B 83, 195131 (2011)"
NaF,ionic,lattice_constant_A,PBE,4.708,4.579,0.12900000000000045,2.817208997597742,"Klimes et al., Phys. Rev. B 83, 195131 (2011)"
NaCl,ionic,lattice_constant_A,revPBE_vdW,5.75,5.565,0.1849999999999996,3.3243486073674777,"Klimes et al., Phys. Rev. B 83, 195131 (2011)"
NaCl,ionic,lattice_constant_A,rPW86_vdW2,5.694,5.565,0.12899999999999956,2.3180592991913773,"Klimes et al., Phys. Rev. B 83, 195131 (2011)"
NaCl,ionic,lattice_constant_A,optPBE_vdW,5.673,5.565,0.10799999999999965,1.9407008086253397,"Klimes et al., Phys. Rev. B 83, 195131 (2011)"
NaCl,ionic,lattice_constant_A,optB88_vdW,5.622,5.565,0.056999999999999496,1.0242587601078101,"Klimes et al., Phys. Rev. B 83, 195131 (2011)"
NaCl,ionic,lattice_constant_A,optB86b_vdW,5.627,5.565,0.06199999999999939,1.114106019766381,"Klimes et al., Phys. Rev. B 83, 195131 (2011)"
NaCl,ionic,lattice_constant_A,LDA,5.465,5.565,-0.10000000000000053,-1.7969451931716174,"Klimes et al., Phys. Rev. B 83, 195131 (2011)"
NaCl,ionic,lattice_constant_A,PBEsol,5.609,5.565,0.043999999999999595,0.7906558849954948,"Klimes et al., Phys. Rev. B 83, 195131 (2011)"
NaCl,ionic,lattice_constant_A,PBE,5.701,5.565,0.13599999999999923,2.4438454627133677,"Klimes et al., Phys. Rev. B 83, 195131 (2011)"
MgO,ionic,lattice_constant_A,revPBE_vdW,4.281,4.184,0.09699999999999953,2.3183556405353523,"Klimes et al., Phys. Rev. B 83, 195131 (2011)"
MgO,ionic,lattice_constant_A,rPW86_vdW2,4.282,4.184,0.09799999999999986,2.342256214149141,"Klimes et al., Phys. Rev. B 83, 195131 (2011)"
MgO,ionic,lattice_constant_A,optPBE_vdW,4.252,4.184,0.06799999999999962,1.6252390057361232,"Klimes et al., Phys. Rev. B 83, 195131 (2011)"
MgO,ionic,lattice_constant_A,optB88_vdW,4.231,4.184,0.04699999999999971,1.1233269598470264,"Klimes et al., Phys. Rev. B 83, 195131 (2011)"
MgO,ionic,lattice_constant_A,optB86b_vdW,4.23,4.184,0.04600000000000026,1.099426386233282,"Klimes et al., Phys. Rev. B 83, 195131 (2011)"
MgO,ionic,lattice_constant_A,LDA,4.168,4.184,-0.016000000000000014,-0.3824091778202643,"Klimes et al., Phys. Rev. B 83, 195131 (2011)"
MgO,ionic,lattice_constant_A,PBEsol,4.222,4.184,0.038000000000000256,0.9082217973231499,"Klimes et al., Phys. Rev. B 83, 195131 (2011)"
MgO,ionic,lattice_constant_A,PBE,4.257,4.184,0.07299999999999951,1.7447418738049558,"Klimes et al., Phys. Rev. B 83, 195131 (2011)"
C,covalent,lattice_constant_A,revPBE_vdW,3.6,3.543,0.05699999999999994,1.608806096528359,"Klimes et al., Phys. Rev. B 83, 195131 (2011)"
C,covalent,lattice_constant_A,rPW86_vdW2,3.608,3.543,0.06499999999999995,1.8346034434095326,"Klimes et al., Phys. Rev. B 83, 195131 (2011)"
C,covalent,lattice_constant_A,optPBE_vdW,3.585,3.543,0.041999999999999815,1.1854360711261558,"Klimes et al., Phys. Rev. B 83, 195131 (2011)"
C,covalent,lattice_constant_A,optB88_vdW,3.577,3.543,0.03399999999999981,0.9596387242449822,"Klimes et al., Phys. Rev. B 83, 195131 (2011)"
C,covalent,lattice_constant_A,optB86b_vdW,3.572,3.543,0.028999999999999915,0.8185153824442626,"Klimes et al., Phys. Rev. B 83, 195131 (2011)"
C,covalent,lattice_constant_A,LDA,3.532,3.543,-0.01100000000000012,-0.31047135196161646,"Klimes et al., Phys. Rev. B 83, 195131 (2011)"
C,covalent,lattice_constant_A,PBEsol,3.557,3.543,0.01399999999999979,0.39514535704205933,"Klimes et al., Phys. Rev. B 83, 195131 (2011)"
C,covalent,lattice_constant_A,PBE,3.574,3.543,0.030999999999999694,0.8749647191645504,"Klimes et al., Phys. Rev. B 83, 195131 (2011)"
SiC,covalent,lattice_constant_A,revPBE_vdW,4.406,4.342,0.06400000000000006,1.4739751266697354,"Klimes et al., Phys. Rev. B 83, 195131 (2011)"
SiC,covalent,lattice_constant_A,rPW86_vdW2,4.424,4.342,0.08200000000000074,1.8885306310456151,"Klimes et al., Phys. Rev. B 83, 195131 (2011)"
SiC,covalent,lattice_constant_A,optPBE_vdW,4.386,4.342,0.04400000000000048,1.0133578995854542,"Klimes et al., Phys. Rev. B 83, 195131 (2011)"
SiC,covalent,lattice_constant_A,optB88_vdW,4.375,4.342,0.03300000000000036,0.7600184246890906,"Klimes et al., Phys. Rev. B 83, 195131 (2011)"
SiC,covalent,lattice_constant_A,optB86b_vdW,4.369,4.342,0.027000000000000135,0.6218332565637974,"Klimes et al., Phys. Rev. B 83, 195131 (2011)"
SiC,covalent,lattice_constant_A,LDA,4.329,4.342,-0.0129999999999999,-0.29940119760478723,"Klimes et al., Phys. Rev. B 83, 195131 (2011)"
SiC,covalent,lattice_constant_A,PBEsol,4.354,4.342,0.012000000000000455,0.2763703362505865,"Klimes et al., Phys. Rev. B 83, 195131 (2011)"
SiC,covalent,lattice_constant_A,PBE,4.377,4.342,0.03500000000000014,0.8060801473975143,"Klimes et al., Phys. Rev. B 83, 195131 (2011)"
Si,semiconductor,lattice_constant_A,revPBE_vdW,5.507,5.416,0.0909999999999993,1.680206794682415,"Klimes et al., Phys. Rev. B 83, 195131 (2011)"
Si,semiconductor,lattice_constant_A,rPW86_vdW2,5.523,5.416,0.10699999999999932,1.9756277695716307,"Klimes et al., Phys. Rev. B 83, 195131 (2011)"
Si,semiconductor,lattice_constant_A,optPBE_vdW,5.476,5.416,0.05999999999999961,1.107828655834564,"Klimes et al., Phys. Rev. B 83, 195131 (2011)"
Si,semiconductor,lattice_constant_A,optB88_vdW,5.46,5.416,0.043999999999999595,0.8124076809453484,"Klimes et al., Phys. Rev. B 83, 195131 (2011)"
Si,semiconductor,lattice_constant_A,optB86b_vdW,5.447,5.416,0.030999999999999694,0.572378138847851,"Klimes et al., Phys. Rev. B 83, 195131 (2011)"
Si,semiconductor,lattice_constant_A,LDA,5.403,5.416,-0.013000000000000789,-0.24002954209750849,"Klimes et al., Phys. Rev. B 83, 195131 (2011)"
Si,semiconductor,lattice_constant_A,PBEsol,5.429,5.416,0.0129999999999999,0.24002954209749738,"Klimes et al., Phys. Rev. B 83, 195131 (2011)"
Si,semiconductor,lattice_constant_A,PBE,5.465,5.416,0.04899999999999949,0.9047267355982269,"Klimes et al., Phys. Rev. B 83, 195131 (2011)"
Ge,semiconductor,lattice_constant_A,revPBE_vdW,5.864,5.64,0.2240000000000002,3.9716312056737646,"Klimes et al., Phys. Rev. B 83, 195131 (2011)"
Ge,semiconductor,lattice_constant_A,rPW86_vdW2,5.934,5.64,0.2940000000000005,5.212765957446819,"Klimes et al., Phys. Rev. B 83, 195131 (2011)"
Ge,semiconductor,lattice_constant_A,optPBE_vdW,5.793,5.64,0.15300000000000047,2.7127659574468277,"Klimes et al., Phys. Rev. B 83, 195131 (2011)"
Ge,semiconductor,lattice_constant_A,optB88_vdW,5.762,5.64,0.12199999999999989,2.163120567375887,"Klimes et al., Phys. Rev. B 83, 195131 (2011)"
Ge,semiconductor,lattice_constant_A,optB86b_vdW,5.725,5.64,0.08499999999999996,1.507092198581561,"Klimes et al., Phys. Rev. B 83, 195131 (2011)"
Ge,semiconductor,lattice_constant_A,LDA,5.623,5.64,-0.01699999999999946,-0.30141843971630555,"Klimes et al., Phys. Rev. B 83, 195131 (2011)"
Ge,semiconductor,lattice_constant_A,PBEsol,5.68,5.64,0.040000000000000036,0.7092198581560183,"Klimes et al., Phys. Rev. B 83, 195131 (2011)"
Ge,semiconductor,lattice_constant_A,PBE,5.766,5.64,0.12600000000000033,2.2340425531915065,"Klimes et al., Phys. Rev. B 83, 195131 (2011)"
GaAs,semiconductor,lattice_constant_A,revPBE_vdW,5.851,5.638,0.21300000000000008,3.777935438098612,"Klimes et al., Phys. Rev. B 83, 195131 (2011)"
GaAs,semiconductor,lattice_constant_A,rPW86_vdW2,5.908,5.638,0.27000000000000046,4.788932245477118,"Klimes et al., Phys. Rev. B 83, 195131 (2011)"
GaAs,semiconductor,lattice_constant_A,optPBE_vdW,5.783,5.638,0.14500000000000046,2.57183398368217,"Klimes et al., Phys. Rev. B 83, 195131 (2011)"
GaAs,semiconductor,lattice_constant_A,optB88_vdW,5.751,5.638,0.11300000000000043,2.004256828662654,"Klimes et al., Phys. Rev. B 83, 195131 (2011)"
GaAs,semiconductor,lattice_constant_A,optB86b_vdW,5.717,5.638,0.07899999999999974,1.401206101454422,"Klimes et al., Phys. Rev. B 83, 195131 (2011)"
GaAs,semiconductor,lattice_constant_A,LDA,5.605,5.638,-0.032999999999999474,-0.585313941113863,"Klimes et al., Phys. Rev. B 83, 195131 (2011)"
GaAs,semiconductor,lattice_constant_A,PBEsol,5.667,5.638,0.028999999999999915,0.5143667967364207,"Klimes et al., Phys. Rev. B 83, 195131 (2011)"
GaAs,semiconductor,lattice_constant_A,PBE,5.752,5.638,0.11399999999999988,2.0219936147570117,"Klimes et al., Phys. Rev. B 83, 195131 (2011)"
Cu,transition_metal,lattice_constant_A,GFN1,3.7914901862967434,3.595,0.1964901862967432,5.4656519136785375,CP2K native Bloch + tblite
Ag,transition_metal,lattice_constant_A,GFN1,4.215518744851603,4.056,0.1595187448516029,3.9329079105424825,CP2K native Bloch + tblite
Ag,transition_metal,lattice_constant_A,GFN2,4.116149917810082,4.056,0.060149917810082165,1.4829861393018229,CP2K native Bloch + tblite
Pd,transition_metal,lattice_constant_A,GFN1,3.927502106595425,3.875,0.05250210659542498,1.35489307343033,CP2K native Bloch + tblite
Pd,transition_metal,lattice_constant_A,GFN2,4.009610443349509,3.875,0.13461044334950856,3.4738178928905405,CP2K native Bloch + tblite
Rh,transition_metal,lattice_constant_A,GFN1,3.8367394491986095,3.793,0.04373944919860939,1.153162383301054,CP2K native Bloch + tblite
Rh,transition_metal,lattice_constant_A,GFN2,3.8419333024922837,3.793,0.04893330249228356,1.2900949773868575,CP2K native Bloch + tblite
Li,alkali_metal,lattice_constant_A,GFN1,4.150307417339395,3.449,0.701307417339395,20.333645037384596,CP2K native Bloch + tblite
Li,alkali_metal,lattice_constant_A,GFN2,3.315177942728543,3.449,-0.1338220572714568,-3.880024855652564,CP2K native Bloch + tblite
Na,alkali_metal,lattice_constant_A,GFN1,5.514570145419352,4.21,1.3045701454193521,30.987414380507182,CP2K native Bloch + tblite
Na,alkali_metal,lattice_constant_A,GFN2,5.22139270386689,4.21,1.01139270386689,24.02357966429667,CP2K native Bloch + tblite
K,alkali_metal,lattice_constant_A,GFN1,5.617855895029928,5.212,0.40585589502992825,7.786951170950274,CP2K native Bloch + tblite
K,alkali_metal,lattice_constant_A,GFN2,6.478716384854522,5.212,1.2667163848545222,24.303844682550313,CP2K native Bloch + tblite
Rb,alkali_metal,lattice_constant_A,GFN1,5.359930036302021,5.576,-0.21606996369797837,-3.8749993489594403,CP2K native Bloch + tblite
Rb,alkali_metal,lattice_constant_A,GFN2,6.972985601241558,5.576,1.3969856012415587,25.053543781233124,CP2K native Bloch + tblite
Cs,alkali_metal,lattice_constant_A,GFN1,6.339363706106908,6.039,0.300363706106908,4.9737325071519844,CP2K native Bloch + tblite
Cs,alkali_metal,lattice_constant_A,GFN2,7.7092712429993915,6.039,1.6702712429993918,27.65807655239927,CP2K native Bloch + tblite
Ca,alkaline_earth_metal,lattice_constant_A,GFN1,6.889314266916888,5.553,1.3363142669168884,24.064726578730202,CP2K native Bloch + tblite
Ca,alkaline_earth_metal,lattice_constant_A,GFN2,6.9396988781421625,5.553,1.3866988781421625,24.972066957359317,CP2K native Bloch + tblite
Sr,alkaline_earth_metal,lattice_constant_A,GFN1,7.836960751044773,6.045,1.7919607510447735,29.64368488080684,CP2K native Bloch + tblite
Sr,alkaline_earth_metal,lattice_constant_A,GFN2,7.485782872525769,6.045,1.4407828725257694,23.834290695215365,CP2K native Bloch + tblite
Ba,alkaline_earth_metal,lattice_constant_A,GFN1,6.771806726159754,4.995,1.7768067261597542,35.571706229424514,CP2K native Bloch + tblite
Ba,alkaline_earth_metal,lattice_constant_A,GFN2,6.368356806765619,4.995,1.373356806765619,27.494630766078455,CP2K native Bloch + tblite
Al,simple_metal,lattice_constant_A,GFN1,4.521144949190967,4.02,0.5011449491909676,12.466292268432033,CP2K native Bloch + tblite
Al,simple_metal,lattice_constant_A,GFN2,3.7672168118078218,4.02,-0.2527831881921778,-6.288139009755667,CP2K native Bloch + tblite
LiF,ionic,lattice_constant_A,GFN1,3.717822401077687,3.964,-0.24617759892231295,-6.210332969785892,CP2K native Bloch + tblite
LiF,ionic,lattice_constant_A,GFN2,3.9868214534381194,3.964,0.022821453438119477,0.5757177961180471,CP2K native Bloch + tblite
LiCl,ionic,lattice_constant_A,GFN1,4.794124790249818,5.056,-0.2618752097501824,-5.179493863729878,CP2K native Bloch + tblite
LiCl,ionic,lattice_constant_A,GFN2,4.826038249748153,5.056,-0.22996175025184673,-4.5482941109938,CP2K native Bloch + tblite
NaF,ionic,lattice_constant_A,GFN1,4.319562627957979,4.579,-0.25943737204202044,-5.665808518061155,CP2K native Bloch + tblite
NaF,ionic,lattice_constant_A,GFN2,4.425617495572881,4.579,-0.15338250442711843,-3.349694353070942,CP2K native Bloch + tblite
NaCl,ionic,lattice_constant_A,GFN1,5.1959832997369775,5.565,-0.3690167002630229,-6.6310278573768695,CP2K native Bloch + tblite
NaCl,ionic,lattice_constant_A,GFN2,5.023009234327562,5.565,-0.5419907656724385,-9.739277011184877,CP2K native Bloch + tblite
MgO,ionic,lattice_constant_A,GFN1,4.07791382617831,4.184,-0.10608617382168983,-2.535520406828151,CP2K native Bloch + tblite
C,covalent,lattice_constant_A,GFN1,3.542900415280953,3.543,-9.958471904703003e-05,-0.002810745668835324,CP2K native Bloch + tblite
C,covalent,lattice_constant_A,GFN2,3.539857359462431,3.543,-0.0031426405375691857,-0.0886999869480487,CP2K native Bloch + tblite
SiC,covalent,lattice_constant_A,GFN1,4.4975060009055925,4.342,0.15550600090559286,3.581437146605082,CP2K native Bloch + tblite
SiC,covalent,lattice_constant_A,GFN2,4.406732589348597,4.342,0.06473258934859771,1.4908472903868653,CP2K native Bloch + tblite
Si,semiconductor,lattice_constant_A,GFN1,5.581848318399427,5.416,0.16584831839942638,3.0621919940809983,CP2K native Bloch + tblite
Si,semiconductor,lattice_constant_A,GFN2,5.394835222325648,5.416,-0.02116477767435221,-0.3907824533669113,CP2K native Bloch + tblite
Ge,semiconductor,lattice_constant_A,GFN1,5.7079880691097715,5.64,0.06798806910977184,1.2054622182583685,CP2K native Bloch + tblite
Ge,semiconductor,lattice_constant_A,GFN2,5.761714264329561,5.64,0.12171426432956167,2.1580543320844248,CP2K native Bloch + tblite
GaAs,semiconductor,lattice_constant_A,GFN1,5.750256379823676,5.638,0.11225637982367598,1.9910673966597292,CP2K native Bloch + tblite
GaAs,semiconductor,lattice_constant_A,GFN2,6.0674417816233515,5.638,0.42944178162335156,7.6169170206341175,CP2K native Bloch + tblite
Cu,transition_metal,bulk_modulus_GPa,revPBE_vdW,111.0,142.0,-31.0,-21.830985915492963,"Klimes et al., Phys. Rev. B 83, 195131 (2011)"
Cu,transition_metal,bulk_modulus_GPa,rPW86_vdW2,97.0,142.0,-45.0,-31.690140845070424,"Klimes et al., Phys. Rev. B 83, 195131 (2011)"
Cu,transition_metal,bulk_modulus_GPa,optPBE_vdW,129.0,142.0,-13.0,-9.154929577464788,"Klimes et al., Phys. Rev. B 83, 195131 (2011)"
Cu,transition_metal,bulk_modulus_GPa,optB88_vdW,138.0,142.0,-4.0,-2.8169014084507005,"Klimes et al., Phys. Rev. B 83, 195131 (2011)"
Cu,transition_metal,bulk_modulus_GPa,optB86b_vdW,149.0,142.0,7.0,4.929577464788726,"Klimes et al., Phys. Rev. B 83, 195131 (2011)"
Cu,transition_metal,bulk_modulus_GPa,LDA,190.0,142.0,48.0,33.80281690140845,"Klimes et al., Phys. Rev. B 83, 195131 (2011)"
Cu,transition_metal,bulk_modulus_GPa,PBEsol,165.0,142.0,23.0,16.19718309859155,"Klimes et al., Phys. Rev. B 83, 195131 (2011)"
Cu,transition_metal,bulk_modulus_GPa,PBE,139.0,142.0,-3.0,-2.1126760563380254,"Klimes et al., Phys. Rev. B 83, 195131 (2011)"
Ag,transition_metal,bulk_modulus_GPa,revPBE_vdW,67.0,109.0,-42.0,-38.53211009174312,"Klimes et al., Phys. Rev. B 83, 195131 (2011)"
Ag,transition_metal,bulk_modulus_GPa,rPW86_vdW2,61.0,109.0,-48.0,-44.03669724770643,"Klimes et al., Phys. Rev. B 83, 195131 (2011)"
Ag,transition_metal,bulk_modulus_GPa,optPBE_vdW,85.0,109.0,-24.0,-22.018348623853214,"Klimes et al., Phys. Rev. B 83, 195131 (2011)"
Ag,transition_metal,bulk_modulus_GPa,optB88_vdW,95.0,109.0,-14.0,-12.844036697247708,"Klimes et al., Phys. Rev. B 83, 195131 (2011)"
Ag,transition_metal,bulk_modulus_GPa,optB86b_vdW,104.0,109.0,-5.0,-4.587155963302747,"Klimes et al., Phys. Rev. B 83, 195131 (2011)"
Ag,transition_metal,bulk_modulus_GPa,LDA,139.0,109.0,30.0,27.522935779816503,"Klimes et al., Phys. Rev. B 83, 195131 (2011)"
Ag,transition_metal,bulk_modulus_GPa,PBEsol,116.0,109.0,7.0,6.422018348623859,"Klimes et al., Phys. Rev. B 83, 195131 (2011)"
Ag,transition_metal,bulk_modulus_GPa,PBE,89.0,109.0,-20.0,-18.34862385321101,"Klimes et al., Phys. Rev. B 83, 195131 (2011)"
Pd,transition_metal,bulk_modulus_GPa,revPBE_vdW,137.0,195.0,-58.0,-29.743589743589748,"Klimes et al., Phys. Rev. B 83, 195131 (2011)"
Pd,transition_metal,bulk_modulus_GPa,rPW86_vdW2,119.0,195.0,-76.0,-38.97435897435897,"Klimes et al., Phys. Rev. B 83, 195131 (2011)"
Pd,transition_metal,bulk_modulus_GPa,optPBE_vdW,161.0,195.0,-34.0,-17.43589743589744,"Klimes et al., Phys. Rev. B 83, 195131 (2011)"
Pd,transition_metal,bulk_modulus_GPa,optB88_vdW,172.0,195.0,-23.0,-11.794871794871797,"Klimes et al., Phys. Rev. B 83, 195131 (2011)"
Pd,transition_metal,bulk_modulus_GPa,optB86b_vdW,187.0,195.0,-8.0,-4.102564102564099,"Klimes et al., Phys. Rev. B 83, 195131 (2011)"
Pd,transition_metal,bulk_modulus_GPa,LDA,227.0,195.0,32.0,16.41025641025642,"Klimes et al., Phys. Rev. B 83, 195131 (2011)"
Pd,transition_metal,bulk_modulus_GPa,PBEsol,203.0,195.0,8.0,4.10256410256411,"Klimes et al., Phys. Rev. B 83, 195131 (2011)"
Pd,transition_metal,bulk_modulus_GPa,PBE,168.0,195.0,-27.0,-13.846153846153841,"Klimes et al., Phys. Rev. B 83, 195131 (2011)"
Rh,transition_metal,bulk_modulus_GPa,revPBE_vdW,221.0,269.0,-48.0,-17.843866171003718,"Klimes et al., Phys. Rev. B 83, 195131 (2011)"
Rh,transition_metal,bulk_modulus_GPa,rPW86_vdW2,193.0,269.0,-76.0,-28.25278810408922,"Klimes et al., Phys. Rev. B 83, 195131 (2011)"
Rh,transition_metal,bulk_modulus_GPa,optPBE_vdW,248.0,269.0,-21.0,-7.80669144981413,"Klimes et al., Phys. Rev. B 83, 195131 (2011)"
Rh,transition_metal,bulk_modulus_GPa,optB88_vdW,258.0,269.0,-11.0,-4.089219330855021,"Klimes et al., Phys. Rev. B 83, 195131 (2011)"
Rh,transition_metal,bulk_modulus_GPa,optB86b_vdW,276.0,269.0,7.0,2.6022304832713727,"Klimes et al., Phys. Rev. B 83, 195131 (2011)"
Rh,transition_metal,bulk_modulus_GPa,LDA,320.0,269.0,51.0,18.959107806691456,"Klimes et al., Phys. Rev. B 83, 195131 (2011)"
Rh,transition_metal,bulk_modulus_GPa,PBEsol,295.0,269.0,26.0,9.66542750929369,"Klimes et al., Phys. Rev. B 83, 195131 (2011)"
Rh,transition_metal,bulk_modulus_GPa,PBE,256.0,269.0,-13.0,-4.832713754646845,"Klimes et al., Phys. Rev. B 83, 195131 (2011)"
Li,alkali_metal,bulk_modulus_GPa,revPBE_vdW,13.7,13.3,0.3999999999999986,3.007518796992481,"Klimes et al., Phys. Rev. B 83, 195131 (2011)"
Li,alkali_metal,bulk_modulus_GPa,rPW86_vdW2,14.7,13.3,1.3999999999999986,10.526315789473673,"Klimes et al., Phys. Rev. B 83, 195131 (2011)"
Li,alkali_metal,bulk_modulus_GPa,optPBE_vdW,13.9,13.3,0.5999999999999996,4.5112781954887105,"Klimes et al., Phys. Rev. B 83, 195131 (2011)"
Li,alkali_metal,bulk_modulus_GPa,optB88_vdW,13.8,13.3,0.5,3.759398496240607,"Klimes et al., Phys. Rev. B 83, 195131 (2011)"
Li,alkali_metal,bulk_modulus_GPa,optB86b_vdW,13.4,13.3,0.09999999999999964,0.7518796992481258,"Klimes et al., Phys. Rev. B 83, 195131 (2011)"
Li,alkali_metal,bulk_modulus_GPa,LDA,15.2,13.3,1.8999999999999986,14.28571428571428,"Klimes et al., Phys. Rev. B 83, 195131 (2011)"
Li,alkali_metal,bulk_modulus_GPa,PBEsol,13.6,13.3,0.29999999999999893,2.2556390977443552,"Klimes et al., Phys. Rev. B 83, 195131 (2011)"
Li,alkali_metal,bulk_modulus_GPa,PBE,13.9,13.3,0.5999999999999996,4.5112781954887105,"Klimes et al., Phys. Rev. B 83, 195131 (2011)"
Na,alkali_metal,bulk_modulus_GPa,revPBE_vdW,7.39,7.5,-0.11000000000000032,-1.4666666666666717,"Klimes et al., Phys. Rev. B 83, 195131 (2011)"
Na,alkali_metal,bulk_modulus_GPa,rPW86_vdW2,7.96,7.5,0.45999999999999996,6.133333333333324,"Klimes et al., Phys. Rev. B 83, 195131 (2011)"
Na,alkali_metal,bulk_modulus_GPa,optPBE_vdW,7.73,7.5,0.23000000000000043,3.066666666666662,"Klimes et al., Phys. Rev. B 83, 195131 (2011)"
Na,alkali_metal,bulk_modulus_GPa,optB88_vdW,7.81,7.5,0.3099999999999996,4.133333333333322,"Klimes et al., Phys. Rev. B 83, 195131 (2011)"
Na,alkali_metal,bulk_modulus_GPa,optB86b_vdW,7.65,7.5,0.15000000000000036,2.0000000000000018,"Klimes et al., Phys. Rev. B 83, 195131 (2011)"
Na,alkali_metal,bulk_modulus_GPa,LDA,9.5,7.5,2.0,26.66666666666666,"Klimes et al., Phys. Rev. B 83, 195131 (2011)"
Na,alkali_metal,bulk_modulus_GPa,PBEsol,7.86,7.5,0.3600000000000003,4.800000000000004,"Klimes et al., Phys. Rev. B 83, 195131 (2011)"
Na,alkali_metal,bulk_modulus_GPa,PBE,7.71,7.5,0.20999999999999996,2.8000000000000025,"Klimes et al., Phys. Rev. B 83, 195131 (2011)"
K,alkali_metal,bulk_modulus_GPa,revPBE_vdW,3.58,3.7,-0.1200000000000001,-3.2432432432432434,"Klimes et al., Phys. Rev. B 83, 195131 (2011)"
K,alkali_metal,bulk_modulus_GPa,rPW86_vdW2,3.97,3.7,0.27,7.297297297297289,"Klimes et al., Phys. Rev. B 83, 195131 (2011)"
K,alkali_metal,bulk_modulus_GPa,optPBE_vdW,3.8,3.7,0.09999999999999964,2.7027027027026973,"Klimes et al., Phys. Rev. B 83, 195131 (2011)"
K,alkali_metal,bulk_modulus_GPa,optB88_vdW,3.95,3.7,0.25,6.756756756756754,"Klimes et al., Phys. Rev. B 83, 195131 (2011)"
K,alkali_metal,bulk_modulus_GPa,optB86b_vdW,3.79,3.7,0.08999999999999986,2.43243243243243,"Klimes et al., Phys. Rev. B 83, 195131 (2011)"
K,alkali_metal,bulk_modulus_GPa,LDA,4.6,3.7,0.8999999999999995,24.324324324324298,"Klimes et al., Phys. Rev. B 83, 195131 (2011)"
K,alkali_metal,bulk_modulus_GPa,PBEsol,3.71,3.7,0.009999999999999787,0.2702702702702675,"Klimes et al., Phys. Rev. B 83, 195131 (2011)"
K,alkali_metal,bulk_modulus_GPa,PBE,3.56,3.7,-0.14000000000000012,-3.7837837837837895,"Klimes et al., Phys. Rev. B 83, 195131 (2011)"
Rb,alkali_metal,bulk_modulus_GPa,revPBE_vdW,2.82,2.9,-0.08000000000000007,-2.758620689655178,"Klimes et al., Phys. Rev. B 83, 195131 (2011)"
Rb,alkali_metal,bulk_modulus_GPa,rPW86_vdW2,3.14,2.9,0.2400000000000002,8.275862068965534,"Klimes et al., Phys. Rev. B 83, 195131 (2011)"
Rb,alkali_metal,bulk_modulus_GPa,optPBE_vdW,3.02,2.9,0.1200000000000001,4.137931034482767,"Klimes et al., Phys. Rev. B 83, 195131 (2011)"
Rb,alkali_metal,bulk_modulus_GPa,optB88_vdW,3.21,2.9,0.31000000000000005,10.689655172413804,"Klimes et al., Phys. Rev. B 83, 195131 (2011)"
Rb,alkali_metal,bulk_modulus_GPa,optB86b_vdW,3.05,2.9,0.1499999999999999,5.1724137931034475,"Klimes et al., Phys. Rev. B 83, 195131 (2011)"
Rb,alkali_metal,bulk_modulus_GPa,LDA,3.54,2.9,0.6400000000000001,22.06896551724138,"Klimes et al., Phys. Rev. B 83, 195131 (2011)"
Rb,alkali_metal,bulk_modulus_GPa,PBEsol,2.93,2.9,0.03000000000000025,1.0344827586207028,"Klimes et al., Phys. Rev. B 83, 195131 (2011)"
Rb,alkali_metal,bulk_modulus_GPa,PBE,2.79,2.9,-0.10999999999999988,-3.7931034482758585,"Klimes et al., Phys. Rev. B 83, 195131 (2011)"
Cs,alkali_metal,bulk_modulus_GPa,revPBE_vdW,2.07,2.1,-0.03000000000000025,-1.4285714285714457,"Klimes et al., Phys. Rev. B 83, 195131 (2011)"
Cs,alkali_metal,bulk_modulus_GPa,rPW86_vdW2,2.28,2.1,0.17999999999999972,8.571428571428562,"Klimes et al., Phys. Rev. B 83, 195131 (2011)"
Cs,alkali_metal,bulk_modulus_GPa,optPBE_vdW,2.04,2.1,-0.06000000000000005,-2.857142857142858,"Klimes et al., Phys. Rev. B 83, 195131 (2011)"
Cs,alkali_metal,bulk_modulus_GPa,optB88_vdW,2.3,2.1,0.19999999999999973,9.523809523809511,"Klimes et al., Phys. Rev. B 83, 195131 (2011)"
Cs,alkali_metal,bulk_modulus_GPa,optB86b_vdW,2.01,2.1,-0.0900000000000003,-4.285714285714304,"Klimes et al., Phys. Rev. B 83, 195131 (2011)"
Cs,alkali_metal,bulk_modulus_GPa,LDA,2.58,2.1,0.48,22.857142857142865,"Klimes et al., Phys. Rev. B 83, 195131 (2011)"
Cs,alkali_metal,bulk_modulus_GPa,PBEsol,2.0,2.1,-0.10000000000000009,-4.761904761904767,"Klimes et al., Phys. Rev. B 83, 195131 (2011)"
Cs,alkali_metal,bulk_modulus_GPa,PBE,1.98,2.1,-0.1200000000000001,-5.714285714285716,"Klimes et al., Phys. Rev. B 83, 195131 (2011)"
Ca,alkaline_earth_metal,bulk_modulus_GPa,revPBE_vdW,16.4,18.4,-2.0,-10.869565217391308,"Klimes et al., Phys. Rev. B 83, 195131 (2011)"
Ca,alkaline_earth_metal,bulk_modulus_GPa,rPW86_vdW2,17.7,18.4,-0.6999999999999993,-3.804347826086951,"Klimes et al., Phys. Rev. B 83, 195131 (2011)"
Ca,alkaline_earth_metal,bulk_modulus_GPa,optPBE_vdW,16.9,18.4,-1.5,-8.15217391304348,"Klimes et al., Phys. Rev. B 83, 195131 (2011)"
Ca,alkaline_earth_metal,bulk_modulus_GPa,optB88_vdW,17.6,18.4,-0.7999999999999972,-4.347826086956507,"Klimes et al., Phys. Rev. B 83, 195131 (2011)"
Ca,alkaline_earth_metal,bulk_modulus_GPa,optB86b_vdW,17.3,18.4,-1.0999999999999979,-5.978260869565211,"Klimes et al., Phys. Rev. B 83, 195131 (2011)"
Ca,alkaline_earth_metal,bulk_modulus_GPa,LDA,19.1,18.4,0.7000000000000028,3.8043478260869623,"Klimes et al., Phys. Rev. B 83, 195131 (2011)"
Ca,alkaline_earth_metal,bulk_modulus_GPa,PBEsol,17.4,18.4,-1.0,-5.434782608695654,"Klimes et al., Phys. Rev. B 83, 195131 (2011)"
Ca,alkaline_earth_metal,bulk_modulus_GPa,PBE,17.2,18.4,-1.1999999999999993,-6.521739130434778,"Klimes et al., Phys. Rev. B 83, 195131 (2011)"
Sr,alkaline_earth_metal,bulk_modulus_GPa,revPBE_vdW,11.4,12.4,-1.0,-8.064516129032262,"Klimes et al., Phys. Rev. B 83, 195131 (2011)"
Sr,alkaline_earth_metal,bulk_modulus_GPa,rPW86_vdW2,12.5,12.4,0.09999999999999964,0.8064516129032251,"Klimes et al., Phys. Rev. B 83, 195131 (2011)"
Sr,alkaline_earth_metal,bulk_modulus_GPa,optPBE_vdW,12.3,12.4,-0.09999999999999964,-0.8064516129032251,"Klimes et al., Phys. Rev. B 83, 195131 (2011)"
Sr,alkaline_earth_metal,bulk_modulus_GPa,optB88_vdW,13.2,12.4,0.7999999999999989,6.451612903225801,"Klimes et al., Phys. Rev. B 83, 195131 (2011)"
Sr,alkaline_earth_metal,bulk_modulus_GPa,optB86b_vdW,13.0,12.4,0.5999999999999996,4.8387096774193505,"Klimes et al., Phys. Rev. B 83, 195131 (2011)"
Sr,alkaline_earth_metal,bulk_modulus_GPa,LDA,14.8,12.4,2.4000000000000004,19.354838709677423,"Klimes et al., Phys. Rev. B 83, 195131 (2011)"
Sr,alkaline_earth_metal,bulk_modulus_GPa,PBEsol,12.9,12.4,0.5,4.0322580645161255,"Klimes et al., Phys. Rev. B 83, 195131 (2011)"
Sr,alkaline_earth_metal,bulk_modulus_GPa,PBE,11.5,12.4,-0.9000000000000004,-7.258064516129037,"Klimes et al., Phys. Rev. B 83, 195131 (2011)"
Ba,alkaline_earth_metal,bulk_modulus_GPa,revPBE_vdW,9.04,9.3,-0.26000000000000156,-2.7956989247312047,"Klimes et al., Phys. Rev. B 83, 195131 (2011)"
Ba,alkaline_earth_metal,bulk_modulus_GPa,rPW86_vdW2,9.77,9.3,0.46999999999999886,5.053763440860193,"Klimes et al., Phys. Rev. B 83, 195131 (2011)"
Ba,alkaline_earth_metal,bulk_modulus_GPa,optPBE_vdW,9.59,9.3,0.28999999999999915,3.118279569892457,"Klimes et al., Phys. Rev. B 83, 195131 (2011)"
Ba,alkaline_earth_metal,bulk_modulus_GPa,optB88_vdW,9.92,9.3,0.6199999999999992,6.666666666666665,"Klimes et al., Phys. Rev. B 83, 195131 (2011)"
Ba,alkaline_earth_metal,bulk_modulus_GPa,optB86b_vdW,9.64,9.3,0.33999999999999986,3.6559139784946293,"Klimes et al., Phys. Rev. B 83, 195131 (2011)"
Ba,alkaline_earth_metal,bulk_modulus_GPa,LDA,10.9,9.3,1.5999999999999996,17.204301075268802,"Klimes et al., Phys. Rev. B 83, 195131 (2011)"
Ba,alkaline_earth_metal,bulk_modulus_GPa,PBEsol,9.33,9.3,0.02999999999999936,0.3225806451612856,"Klimes et al., Phys. Rev. B 83, 195131 (2011)"
Ba,alkaline_earth_metal,bulk_modulus_GPa,PBE,8.95,9.3,-0.3500000000000014,-3.7634408602150726,"Klimes et al., Phys. Rev. B 83, 195131 (2011)"
Al,simple_metal,bulk_modulus_GPa,revPBE_vdW,67.1,79.4,-12.300000000000011,-15.491183879093217,"Klimes et al., Phys. Rev. B 83, 195131 (2011)"
Al,simple_metal,bulk_modulus_GPa,rPW86_vdW2,60.6,79.4,-18.800000000000004,-23.677581863979857,"Klimes et al., Phys. Rev. B 83, 195131 (2011)"
Al,simple_metal,bulk_modulus_GPa,optPBE_vdW,72.4,79.4,-7.0,-8.816120906801006,"Klimes et al., Phys. Rev. B 83, 195131 (2011)"
Al,simple_metal,bulk_modulus_GPa,optB88_vdW,71.1,79.4,-8.300000000000011,-10.453400503778354,"Klimes et al., Phys. Rev. B 83, 195131 (2011)"
Al,simple_metal,bulk_modulus_GPa,optB86b_vdW,77.4,79.4,-2.0,-2.518891687657432,"Klimes et al., Phys. Rev. B 83, 195131 (2011)"
Al,simple_metal,bulk_modulus_GPa,LDA,83.8,79.4,4.3999999999999915,5.5415617128463435,"Klimes et al., Phys. Rev. B 83, 195131 (2011)"
Al,simple_metal,bulk_modulus_GPa,PBEsol,82.1,79.4,2.6999999999999886,3.400503778337516,"Klimes et al., Phys. Rev. B 83, 195131 (2011)"
Al,simple_metal,bulk_modulus_GPa,PBE,78.6,79.4,-0.8000000000000114,-1.0075566750629816,"Klimes et al., Phys. Rev. B 83, 195131 (2011)"
LiF,ionic,bulk_modulus_GPa,revPBE_vdW,63.4,69.8,-6.399999999999999,-9.169054441260748,"Klimes et al., Phys. Rev. B 83, 195131 (2011)"
LiF,ionic,bulk_modulus_GPa,rPW86_vdW2,68.9,69.8,-0.8999999999999915,-1.2893982808022786,"Klimes et al., Phys. Rev. B 83, 195131 (2011)"
LiF,ionic,bulk_modulus_GPa,optPBE_vdW,68.2,69.8,-1.5999999999999943,-2.2922636103151817,"Klimes et al., Phys. Rev. B 83, 195131 (2011)"
LiF,ionic,bulk_modulus_GPa,optB88_vdW,71.7,69.8,1.9000000000000057,2.7220630372492893,"Klimes et al., Phys. Rev. B 83, 195131 (2011)"
LiF,ionic,bulk_modulus_GPa,optB86b_vdW,70.2,69.8,0.4000000000000057,0.5730659025787954,"Klimes et al., Phys. Rev. B 83, 195131 (2011)"
LiF,ionic,bulk_modulus_GPa,LDA,86.5,69.8,16.700000000000003,23.925501432664763,"Klimes et al., Phys. Rev. B 83, 195131 (2011)"
LiF,ionic,bulk_modulus_GPa,PBEsol,72.6,69.8,2.799999999999997,4.011461318051568,"Klimes et al., Phys. Rev. B 83, 195131 (2011)"
LiF,ionic,bulk_modulus_GPa,PBE,66.9,69.8,-2.8999999999999915,-4.154727793696267,"Klimes et al., Phys. Rev. B 83, 195131 (2011)"
LiCl,ionic,bulk_modulus_GPa,revPBE_vdW,30.3,35.4,-5.099999999999998,-14.406779661016945,"Klimes et al., Phys. Rev. B 83, 195131 (2011)"
LiCl,ionic,bulk_modulus_GPa,rPW86_vdW2,32.3,35.4,-3.1000000000000014,-8.757062146892657,"Klimes et al., Phys. Rev. B 83, 195131 (2011)"
LiCl,ionic,bulk_modulus_GPa,optPBE_vdW,32.9,35.4,-2.5,-7.062146892655363,"Klimes et al., Phys. Rev. B 83, 195131 (2011)"
LiCl,ionic,bulk_modulus_GPa,optB88_vdW,34.5,35.4,-0.8999999999999986,-2.5423728813559254,"Klimes et al., Phys. Rev. B 83, 195131 (2011)"
LiCl,ionic,bulk_modulus_GPa,optB86b_vdW,34.3,35.4,-1.1000000000000014,-3.1073446327683607,"Klimes et al., Phys. Rev. B 83, 195131 (2011)"
LiCl,ionic,bulk_modulus_GPa,LDA,40.8,35.4,5.399999999999999,15.254237288135597,"Klimes et al., Phys. Rev. B 83, 195131 (2011)"
LiCl,ionic,bulk_modulus_GPa,PBEsol,35.0,35.4,-0.3999999999999986,-1.1299435028248594,"Klimes et al., Phys. Rev. B 83, 195131 (2011)"
LiCl,ionic,bulk_modulus_GPa,PBE,31.6,35.4,-3.799999999999997,-10.734463276836149,"Klimes et al., Phys. Rev. B 83, 195131 (2011)"
NaF,ionic,bulk_modulus_GPa,revPBE_vdW,43.6,51.4,-7.799999999999997,-15.175097276264582,"Klimes et al., Phys. Rev. B 83, 195131 (2011)"
NaF,ionic,bulk_modulus_GPa,rPW86_vdW2,48.8,51.4,-2.6000000000000014,-5.058365758754868,"Klimes et al., Phys. Rev. B 83, 195131 (2011)"
NaF,ionic,bulk_modulus_GPa,optPBE_vdW,46.9,51.4,-4.5,-8.754863813229575,"Klimes et al., Phys. Rev. B 83, 195131 (2011)"
NaF,ionic,bulk_modulus_GPa,optB88_vdW,49.4,51.4,-2.0,-3.891050583657585,"Klimes et al., Phys. Rev. B 83, 195131 (2011)"
NaF,ionic,bulk_modulus_GPa,optB86b_vdW,47.5,51.4,-3.8999999999999986,-7.587548638132291,"Klimes et al., Phys. Rev. B 83, 195131 (2011)"
NaF,ionic,bulk_modulus_GPa,LDA,61.2,51.4,9.800000000000004,19.06614785992218,"Klimes et al., Phys. Rev. B 83, 195131 (2011)"
NaF,ionic,bulk_modulus_GPa,PBEsol,48.0,51.4,-3.3999999999999986,-6.6147859922178975,"Klimes et al., Phys. Rev. B 83, 195131 (2011)"
NaF,ionic,bulk_modulus_GPa,PBE,44.6,51.4,-6.799999999999997,-13.229571984435795,"Klimes et al., Phys. Rev. B 83, 195131 (2011)"
NaCl,ionic,bulk_modulus_GPa,revPBE_vdW,23.6,26.6,-3.0,-11.27819548872181,"Klimes et al., Phys. Rev. B 83, 195131 (2011)"
NaCl,ionic,bulk_modulus_GPa,rPW86_vdW2,26.0,26.6,-0.6000000000000014,-2.2556390977443663,"Klimes et al., Phys. Rev. B 83, 195131 (2011)"
NaCl,ionic,bulk_modulus_GPa,optPBE_vdW,25.7,26.6,-0.9000000000000021,-3.383458646616544,"Klimes et al., Phys. Rev. B 83, 195131 (2011)"
NaCl,ionic,bulk_modulus_GPa,optB88_vdW,27.0,26.6,0.3999999999999986,1.5037593984962294,"Klimes et al., Phys. Rev. B 83, 195131 (2011)"
NaCl,ionic,bulk_modulus_GPa,optB86b_vdW,26.2,26.6,-0.40000000000000213,-1.5037593984962516,"Klimes et al., Phys. Rev. B 83, 195131 (2011)"
NaCl,ionic,bulk_modulus_GPa,LDA,32.4,26.6,5.799999999999997,21.80451127819547,"Klimes et al., Phys. Rev. B 83, 195131 (2011)"
NaCl,ionic,bulk_modulus_GPa,PBEsol,25.8,26.6,-0.8000000000000007,-3.007518796992481,"Klimes et al., Phys. Rev. B 83, 195131 (2011)"
NaCl,ionic,bulk_modulus_GPa,PBE,22.8,26.6,-3.8000000000000007,-14.28571428571429,"Klimes et al., Phys. Rev. B 83, 195131 (2011)"
MgO,ionic,bulk_modulus_GPa,revPBE_vdW,148.0,165.0,-17.0,-10.303030303030303,"Klimes et al., Phys. Rev. B 83, 195131 (2011)"
MgO,ionic,bulk_modulus_GPa,rPW86_vdW2,148.0,165.0,-17.0,-10.303030303030303,"Klimes et al., Phys. Rev. B 83, 195131 (2011)"
MgO,ionic,bulk_modulus_GPa,optPBE_vdW,153.0,165.0,-12.0,-7.272727272727275,"Klimes et al., Phys. Rev. B 83, 195131 (2011)"
MgO,ionic,bulk_modulus_GPa,optB88_vdW,157.0,165.0,-8.0,-4.848484848484846,"Klimes et al., Phys. Rev. B 83, 195131 (2011)"
MgO,ionic,bulk_modulus_GPa,optB86b_vdW,156.0,165.0,-9.0,-5.454545454545457,"Klimes et al., Phys. Rev. B 83, 195131 (2011)"
MgO,ionic,bulk_modulus_GPa,LDA,172.0,165.0,7.0,4.2424242424242475,"Klimes et al., Phys. Rev. B 83, 195131 (2011)"
MgO,ionic,bulk_modulus_GPa,PBEsol,159.0,165.0,-6.0,-3.6363636363636376,"Klimes et al., Phys. Rev. B 83, 195131 (2011)"
MgO,ionic,bulk_modulus_GPa,PBE,148.0,165.0,-17.0,-10.303030303030303,"Klimes et al., Phys. Rev. B 83, 195131 (2011)"
C,covalent,bulk_modulus_GPa,revPBE_vdW,404.0,443.0,-39.0,-8.803611738148987,"Klimes et al., Phys. Rev. B 83, 195131 (2011)"
C,covalent,bulk_modulus_GPa,rPW86_vdW2,395.0,443.0,-48.0,-10.835214446952602,"Klimes et al., Phys. Rev. B 83, 195131 (2011)"
C,covalent,bulk_modulus_GPa,optPBE_vdW,418.0,443.0,-25.0,-5.643340857787815,"Klimes et al., Phys. Rev. B 83, 195131 (2011)"
C,covalent,bulk_modulus_GPa,optB88_vdW,424.0,443.0,-19.0,-4.288939051918739,"Klimes et al., Phys. Rev. B 83, 195131 (2011)"
C,covalent,bulk_modulus_GPa,optB86b_vdW,431.0,443.0,-12.0,-2.708803611738153,"Klimes et al., Phys. Rev. B 83, 195131 (2011)"
C,covalent,bulk_modulus_GPa,LDA,467.0,443.0,24.0,5.417607223476306,"Klimes et al., Phys. Rev. B 83, 195131 (2011)"
C,covalent,bulk_modulus_GPa,PBEsol,446.0,443.0,3.0,0.6772009029345272,"Klimes et al., Phys. Rev. B 83, 195131 (2011)"
C,covalent,bulk_modulus_GPa,PBE,429.0,443.0,-14.0,-3.160270880361171,"Klimes et al., Phys. Rev. B 83, 195131 (2011)"
SiC,covalent,bulk_modulus_GPa,revPBE_vdW,200.0,225.0,-25.0,-11.111111111111116,"Klimes et al., Phys. Rev. B 83, 195131 (2011)"
SiC,covalent,bulk_modulus_GPa,rPW86_vdW2,191.0,225.0,-34.0,-15.111111111111109,"Klimes et al., Phys. Rev. B 83, 195131 (2011)"
SiC,covalent,bulk_modulus_GPa,optPBE_vdW,208.0,225.0,-17.0,-7.55555555555556,"Klimes et al., Phys. Rev. B 83, 195131 (2011)"
SiC,covalent,bulk_modulus_GPa,optB88_vdW,212.0,225.0,-13.0,-5.777777777777782,"Klimes et al., Phys. Rev. B 83, 195131 (2011)"
SiC,covalent,bulk_modulus_GPa,optB86b_vdW,215.0,225.0,-10.0,-4.444444444444439,"Klimes et al., Phys. Rev. B 83, 195131 (2011)"
SiC,covalent,bulk_modulus_GPa,LDA,225.0,225.0,0.0,0.0,"Klimes et al., Phys. Rev. B 83, 195131 (2011)"
SiC,covalent,bulk_modulus_GPa,PBEsol,221.0,225.0,-4.0,-1.7777777777777781,"Klimes et al., Phys. Rev. B 83, 195131 (2011)"
SiC,covalent,bulk_modulus_GPa,PBE,212.0,225.0,-13.0,-5.777777777777782,"Klimes et al., Phys. Rev. B 83, 195131 (2011)"
Si,semiconductor,bulk_modulus_GPa,revPBE_vdW,82.8,99.2,-16.400000000000006,-16.532258064516135,"Klimes et al., Phys. Rev. B 83, 195131 (2011)"
Si,semiconductor,bulk_modulus_GPa,rPW86_vdW2,79.6,99.2,-19.60000000000001,-19.758064516129036,"Klimes et al., Phys. Rev. B 83, 195131 (2011)"
Si,semiconductor,bulk_modulus_GPa,optPBE_vdW,86.9,99.2,-12.299999999999997,-12.399193548387089,"Klimes et al., Phys. Rev. B 83, 195131 (2011)"
Si,semiconductor,bulk_modulus_GPa,optB88_vdW,88.7,99.2,-10.5,-10.584677419354838,"Klimes et al., Phys. Rev. B 83, 195131 (2011)"
Si,semiconductor,bulk_modulus_GPa,optB86b_vdW,91.2,99.2,-8.0,-8.064516129032262,"Klimes et al., Phys. Rev. B 83, 195131 (2011)"
Si,semiconductor,bulk_modulus_GPa,LDA,96.8,99.2,-2.4000000000000057,-2.4193548387096864,"Klimes et al., Phys. Rev. B 83, 195131 (2011)"
Si,semiconductor,bulk_modulus_GPa,PBEsol,93.8,99.2,-5.400000000000006,-5.443548387096775,"Klimes et al., Phys. Rev. B 83, 195131 (2011)"
Si,semiconductor,bulk_modulus_GPa,PBE,88.3,99.2,-10.900000000000006,-10.98790322580646,"Klimes et al., Phys. Rev. B 83, 195131 (2011)"
Ge,semiconductor,bulk_modulus_GPa,revPBE_vdW,48.7,75.8,-27.099999999999994,-35.75197889182058,"Klimes et al., Phys. Rev. B 83, 195131 (2011)"
Ge,semiconductor,bulk_modulus_GPa,rPW86_vdW2,42.8,75.8,-33.0,-43.535620052770454,"Klimes et al., Phys. Rev. B 83, 195131 (2011)"
Ge,semiconductor,bulk_modulus_GPa,optPBE_vdW,54.7,75.8,-21.099999999999994,-27.83641160949868,"Klimes et al., Phys. Rev. B 83, 195131 (2011)"
Ge,semiconductor,bulk_modulus_GPa,optB88_vdW,57.3,75.8,-18.5,-24.40633245382586,"Klimes et al., Phys. Rev. B 83, 195131 (2011)"
Ge,semiconductor,bulk_modulus_GPa,optB86b_vdW,61.5,75.8,-14.299999999999997,-18.86543535620052,"Klimes et al., Phys. Rev. B 83, 195131 (2011)"
Ge,semiconductor,bulk_modulus_GPa,LDA,72.6,75.8,-3.200000000000003,-4.221635883905018,"Klimes et al., Phys. Rev. B 83, 195131 (2011)"
Ge,semiconductor,bulk_modulus_GPa,PBEsol,67.0,75.8,-8.799999999999997,-11.609498680738783,"Klimes et al., Phys. Rev. B 83, 195131 (2011)"
Ge,semiconductor,bulk_modulus_GPa,PBE,58.6,75.8,-17.199999999999996,-22.691292875989443,"Klimes et al., Phys. Rev. B 83, 195131 (2011)"
GaAs,semiconductor,bulk_modulus_GPa,revPBE_vdW,51.4,75.6,-24.199999999999996,-32.01058201058201,"Klimes et al., Phys. Rev. B 83, 195131 (2011)"
GaAs,semiconductor,bulk_modulus_GPa,rPW86_vdW2,47.1,75.6,-28.499999999999993,-37.69841269841269,"Klimes et al., Phys. Rev. B 83, 195131 (2011)"
GaAs,semiconductor,bulk_modulus_GPa,optPBE_vdW,57.3,75.6,-18.299999999999997,-24.20634920634921,"Klimes et al., Phys. Rev. B 83, 195131 (2011)"
GaAs,semiconductor,bulk_modulus_GPa,optB88_vdW,60.2,75.6,-15.399999999999991,-20.37037037037036,"Klimes et al., Phys. Rev. B 83, 195131 (2011)"
GaAs,semiconductor,bulk_modulus_GPa,optB86b_vdW,63.6,75.6,-11.999999999999993,-15.873015873015861,"Klimes et al., Phys. Rev. B 83, 195131 (2011)"
GaAs,semiconductor,bulk_modulus_GPa,LDA,74.2,75.6,-1.3999999999999915,-1.8518518518518379,"Klimes et al., Phys. Rev. B 83, 195131 (2011)"
GaAs,semiconductor,bulk_modulus_GPa,PBEsol,68.9,75.6,-6.699999999999989,-8.86243386243385,"Klimes et al., Phys. Rev. B 83, 195131 (2011)"
GaAs,semiconductor,bulk_modulus_GPa,PBE,60.2,75.6,-15.399999999999991,-20.37037037037036,"Klimes et al., Phys. Rev. B 83, 195131 (2011)"
Cu,transition_metal,bulk_modulus_GPa,GFN1,518.5067057962889,142.0,376.5067057962889,265.1455674621753,CP2K native Bloch + tblite
Ag,transition_metal,bulk_modulus_GPa,GFN1,809.2953527474536,109.0,700.2953527474536,642.4728006857373,CP2K native Bloch + tblite
Ag,transition_metal,bulk_modulus_GPa,GFN2,638.4679356461628,109.0,529.4679356461628,485.75039967537873,CP2K native Bloch + tblite
Pd,transition_metal,bulk_modulus_GPa,GFN1,1206.724188889602,195.0,1011.7241888896019,518.832917379283,CP2K native Bloch + tblite
Pd,transition_metal,bulk_modulus_GPa,GFN2,785.6400831244049,195.0,590.6400831244049,302.89235032020764,CP2K native Bloch + tblite
Rh,transition_metal,bulk_modulus_GPa,GFN1,1699.7268256939742,269.0,1430.7268256939742,531.8687084364217,CP2K native Bloch + tblite
Rh,transition_metal,bulk_modulus_GPa,GFN2,1278.70443331247,269.0,1009.70443331247,375.3548079228513,CP2K native Bloch + tblite
Li,alkali_metal,bulk_modulus_GPa,GFN1,30.801966408059467,13.3,17.501966408059467,131.59373239142457,CP2K native Bloch + tblite
Li,alkali_metal,bulk_modulus_GPa,GFN2,143.42689991478724,13.3,130.12689991478723,978.3977437202047,CP2K native Bloch + tblite
Na,alkali_metal,bulk_modulus_GPa,GFN1,84.93449623497968,7.5,77.43449623497968,1032.459949799729,CP2K native Bloch + tblite
Na,alkali_metal,bulk_modulus_GPa,GFN2,127.2901445580327,7.5,119.7901445580327,1597.201927440436,CP2K native Bloch + tblite
K,alkali_metal,bulk_modulus_GPa,GFN1,25.46293727641938,3.7,21.762937276419382,588.1874939572805,CP2K native Bloch + tblite
K,alkali_metal,bulk_modulus_GPa,GFN2,172.76252628857515,3.7,169.06252628857516,4569.257467258787,CP2K native Bloch + tblite
Rb,alkali_metal,bulk_modulus_GPa,GFN1,28.31997850268629,2.9,25.41997850268629,876.5509828512513,CP2K native Bloch + tblite
Rb,alkali_metal,bulk_modulus_GPa,GFN2,146.24928813587255,2.9,143.34928813587254,4943.078901236984,CP2K native Bloch + tblite
Cs,alkali_metal,bulk_modulus_GPa,GFN1,12.956682400796899,2.1,10.856682400796899,516.9848762284238,CP2K native Bloch + tblite
Cs,alkali_metal,bulk_modulus_GPa,GFN2,161.64198892532826,2.1,159.54198892532827,7597.237567872774,CP2K native Bloch + tblite
Ca,alkaline_earth_metal,bulk_modulus_GPa,GFN1,89.41430821721329,18.4,71.01430821721328,385.94732726746355,CP2K native Bloch + tblite
Ca,alkaline_earth_metal,bulk_modulus_GPa,GFN2,229.53689642724015,18.4,211.13689642724015,1147.4831327567401,CP2K native Bloch + tblite
Sr,alkaline_earth_metal,bulk_modulus_GPa,GFN1,33.36085681510275,12.4,20.96085681510275,169.03916786373182,CP2K native Bloch + tblite
Sr,alkaline_earth_metal,bulk_modulus_GPa,GFN2,274.6921992110861,12.4,262.29219921108614,2115.259671057146,CP2K native Bloch + tblite
Ba,alkaline_earth_metal,bulk_modulus_GPa,GFN1,23.47546794627723,9.3,14.17546794627723,152.42438651911,CP2K native Bloch + tblite
Ba,alkaline_earth_metal,bulk_modulus_GPa,GFN2,166.99561078631834,9.3,157.69561078631833,1695.6517288851433,CP2K native Bloch + tblite
Al,simple_metal,bulk_modulus_GPa,GFN1,225.63930799540444,79.4,146.23930799540443,184.1804886591995,CP2K native Bloch + tblite
Al,simple_metal,bulk_modulus_GPa,GFN2,1187.392997285604,79.4,1107.992997285604,1395.457175422675,CP2K native Bloch + tblite
LiF,ionic,bulk_modulus_GPa,GFN1,719.9542907248147,69.8,650.1542907248147,931.4531385742331,CP2K native Bloch + tblite
LiF,ionic,bulk_modulus_GPa,GFN2,298.0555697032057,69.8,228.2555697032057,327.0137101765125,CP2K native Bloch + tblite
LiCl,ionic,bulk_modulus_GPa,GFN1,335.3423711062536,35.4,299.94237110625363,847.2948336334848,CP2K native Bloch + tblite
LiCl,ionic,bulk_modulus_GPa,GFN2,333.6249118468275,35.4,298.2249118468275,842.4432538045975,CP2K native Bloch + tblite
NaF,ionic,bulk_modulus_GPa,GFN1,377.31946664961697,51.4,325.919466649617,634.084565466181,CP2K native Bloch + tblite
NaF,ionic,bulk_modulus_GPa,GFN2,199.69582465501756,51.4,148.29582465501755,288.5132775389447,CP2K native Bloch + tblite
NaCl,ionic,bulk_modulus_GPa,GFN1,183.7645004300374,26.6,157.1645004300374,590.843986579088,CP2K native Bloch + tblite
NaCl,ionic,bulk_modulus_GPa,GFN2,204.53427597306447,26.6,177.93427597306447,668.9258495227987,CP2K native Bloch + tblite
MgO,ionic,bulk_modulus_GPa,GFN1,862.74857895963,165.0,697.74857895963,422.8779266422,CP2K native Bloch + tblite
C,covalent,bulk_modulus_GPa,GFN1,3549.860027279341,443.0,3106.860027279341,701.3228052549304,CP2K native Bloch + tblite
C,covalent,bulk_modulus_GPa,GFN2,3603.443792155035,443.0,3160.443792155035,713.4184632404142,CP2K native Bloch + tblite
SiC,covalent,bulk_modulus_GPa,GFN1,1344.4308801378002,225.0,1119.4308801378002,497.52483561680003,CP2K native Bloch + tblite
SiC,covalent,bulk_modulus_GPa,GFN2,1461.6993503650183,225.0,1236.6993503650183,549.6441557177859,CP2K native Bloch + tblite
Si,semiconductor,bulk_modulus_GPa,GFN1,607.530294362681,99.2,508.33029436268106,512.4297322204445,CP2K native Bloch + tblite
Si,semiconductor,bulk_modulus_GPa,GFN2,619.9555321149979,99.2,520.7555321149979,524.9551735030221,CP2K native Bloch + tblite
Ge,semiconductor,bulk_modulus_GPa,GFN1,503.4419031725076,75.8,427.64190317250757,564.1713762170285,CP2K native Bloch + tblite
Ge,semiconductor,bulk_modulus_GPa,GFN2,249.36932658467444,75.8,173.56932658467446,228.9832804547156,CP2K native Bloch + tblite
GaAs,semiconductor,bulk_modulus_GPa,GFN1,390.09263938942735,75.6,314.4926393894274,415.9955547479198,CP2K native Bloch + tblite
GaAs,semiconductor,bulk_modulus_GPa,GFN2,202.0801821397943,75.6,126.4801821397943,167.30182822724115,CP2K native Bloch + tblite
Cu,transition_metal,cohesive_energy_eV_atom,revPBE_vdW,2.93,3.52,-0.5899999999999999,-16.761363636363637,"Klimes et al., Phys. Rev. B 83, 195131 (2011)"
Cu,transition_metal,cohesive_energy_eV_atom,rPW86_vdW2,2.81,3.52,-0.71,-20.17045454545454,"Klimes et al., Phys. Rev. B 83, 195131 (2011)"
Cu,transition_metal,cohesive_energy_eV_atom,optPBE_vdW,3.35,3.52,-0.16999999999999993,-4.829545454545448,"Klimes et al., Phys. Rev. B 83, 195131 (2011)"
Cu,transition_metal,cohesive_energy_eV_atom,optB88_vdW,3.52,3.52,0.0,0.0,"Klimes et al., Phys. Rev. B 83, 195131 (2011)"
Cu,transition_metal,cohesive_energy_eV_atom,optB86b_vdW,3.7,3.52,0.18000000000000016,5.113636363636376,"Klimes et al., Phys. Rev. B 83, 195131 (2011)"
Cu,transition_metal,cohesive_energy_eV_atom,LDA,4.55,3.52,1.0299999999999998,29.261363636363626,"Klimes et al., Phys. Rev. B 83, 195131 (2011)"
Cu,transition_metal,cohesive_energy_eV_atom,PBEsol,4.04,3.52,0.52,14.77272727272727,"Klimes et al., Phys. Rev. B 83, 195131 (2011)"
Cu,transition_metal,cohesive_energy_eV_atom,PBE,3.49,3.52,-0.029999999999999805,-0.8522727272727182,"Klimes et al., Phys. Rev. B 83, 195131 (2011)"
Ag,transition_metal,cohesive_energy_eV_atom,revPBE_vdW,2.16,2.97,-0.81,-27.27272727272727,"Klimes et al., Phys. Rev. B 83, 195131 (2011)"
Ag,transition_metal,cohesive_energy_eV_atom,rPW86_vdW2,2.15,2.97,-0.8200000000000003,-27.609427609427616,"Klimes et al., Phys. Rev. B 83, 195131 (2011)"
Ag,transition_metal,cohesive_energy_eV_atom,optPBE_vdW,2.57,2.97,-0.40000000000000036,-13.468013468013485,"Klimes et al., Phys. Rev. B 83, 195131 (2011)"
Ag,transition_metal,cohesive_energy_eV_atom,optB88_vdW,2.76,2.97,-0.2100000000000004,-7.070707070707083,"Klimes et al., Phys. Rev. B 83, 195131 (2011)"
Ag,transition_metal,cohesive_energy_eV_atom,optB86b_vdW,2.9,2.97,-0.07000000000000028,-2.3569023569023684,"Klimes et al., Phys. Rev. B 83, 195131 (2011)"
Ag,transition_metal,cohesive_energy_eV_atom,LDA,3.64,2.97,0.6699999999999999,22.558922558922557,"Klimes et al., Phys. Rev. B 83, 195131 (2011)"
Ag,transition_metal,cohesive_energy_eV_atom,PBEsol,3.06,2.97,0.08999999999999986,3.0303030303030276,"Klimes et al., Phys. Rev. B 83, 195131 (2011)"
Ag,transition_metal,cohesive_energy_eV_atom,PBE,2.5,2.97,-0.4700000000000002,-15.82491582491583,"Klimes et al., Phys. Rev. B 83, 195131 (2011)"
Pd,transition_metal,cohesive_energy_eV_atom,revPBE_vdW,3.18,3.92,-0.7399999999999998,-18.877551020408156,"Klimes et al., Phys. Rev. B 83, 195131 (2011)"
Pd,transition_metal,cohesive_energy_eV_atom,rPW86_vdW2,3.13,3.92,-0.79,-20.1530612244898,"Klimes et al., Phys. Rev. B 83, 195131 (2011)"
Pd,transition_metal,cohesive_energy_eV_atom,optPBE_vdW,3.71,3.92,-0.20999999999999996,-5.35714285714286,"Klimes et al., Phys. Rev. B 83, 195131 (2011)"
Pd,transition_metal,cohesive_energy_eV_atom,optB88_vdW,3.96,3.92,0.040000000000000036,1.0204081632652962,"Klimes et al., Phys. Rev. B 83, 195131 (2011)"
Pd,transition_metal,cohesive_energy_eV_atom,optB86b_vdW,4.16,3.92,0.2400000000000002,6.1224489795918435,"Klimes et al., Phys. Rev. B 83, 195131 (2011)"
Pd,transition_metal,cohesive_energy_eV_atom,LDA,5.08,3.92,1.1600000000000001,29.591836734693878,"Klimes et al., Phys. Rev. B 83, 195131 (2011)"
Pd,transition_metal,cohesive_energy_eV_atom,PBEsol,4.43,3.92,0.5099999999999998,13.010204081632647,"Klimes et al., Phys. Rev. B 83, 195131 (2011)"
Pd,transition_metal,cohesive_energy_eV_atom,PBE,3.71,3.92,-0.20999999999999996,-5.35714285714286,"Klimes et al., Phys. Rev. B 83, 195131 (2011)"
Rh,transition_metal,cohesive_energy_eV_atom,revPBE_vdW,5.12,5.78,-0.6600000000000001,-11.418685121107263,"Klimes et al., Phys. Rev. B 83, 195131 (2011)"
Rh,transition_metal,cohesive_energy_eV_atom,rPW86_vdW2,4.92,5.78,-0.8600000000000003,-14.878892733564019,"Klimes et al., Phys. Rev. B 83, 195131 (2011)"
Rh,transition_metal,cohesive_energy_eV_atom,optPBE_vdW,5.81,5.78,0.02999999999999936,0.519031141868509,"Klimes et al., Phys. Rev. B 83, 195131 (2011)"
Rh,transition_metal,cohesive_energy_eV_atom,optB88_vdW,6.1,5.78,0.3199999999999994,5.536332179930792,"Klimes et al., Phys. Rev. B 83, 195131 (2011)"
Rh,transition_metal,cohesive_energy_eV_atom,optB86b_vdW,6.4,5.78,0.6200000000000001,10.726643598615926,"Klimes et al., Phys. Rev. B 83, 195131 (2011)"
Rh,transition_metal,cohesive_energy_eV_atom,LDA,7.67,5.78,1.8899999999999997,32.69896193771626,"Klimes et al., Phys. Rev. B 83, 195131 (2011)"
Rh,transition_metal,cohesive_energy_eV_atom,PBEsol,6.73,5.78,0.9500000000000002,16.435986159169545,"Klimes et al., Phys. Rev. B 83, 195131 (2011)"
Rh,transition_metal,cohesive_energy_eV_atom,PBE,5.82,5.78,0.040000000000000036,0.6920415224913601,"Klimes et al., Phys. Rev. B 83, 195131 (2011)"
Li,alkali_metal,cohesive_energy_eV_atom,revPBE_vdW,1.52,1.67,-0.1499999999999999,-8.982035928143706,"Klimes et al., Phys. Rev. B 83, 195131 (2011)"
Li,alkali_metal,cohesive_energy_eV_atom,rPW86_vdW2,1.47,1.67,-0.19999999999999996,-11.976047904191612,"Klimes et al., Phys. Rev. B 83, 195131 (2011)"
Li,alkali_metal,cohesive_energy_eV_atom,optPBE_vdW,1.61,1.67,-0.05999999999999983,-3.59281437125748,"Klimes et al., Phys. Rev. B 83, 195131 (2011)"
Li,alkali_metal,cohesive_energy_eV_atom,optB88_vdW,1.57,1.67,-0.09999999999999987,-5.9880239520958,"Klimes et al., Phys. Rev. B 83, 195131 (2011)"
Li,alkali_metal,cohesive_energy_eV_atom,optB86b_vdW,1.63,1.67,-0.040000000000000036,-2.395209580838331,"Klimes et al., Phys. Rev. B 83, 195131 (2011)"
Li,alkali_metal,cohesive_energy_eV_atom,LDA,1.79,1.67,0.1200000000000001,7.185628742514982,"Klimes et al., Phys. Rev. B 83, 195131 (2011)"
Li,alkali_metal,cohesive_energy_eV_atom,PBEsol,1.68,1.67,0.010000000000000009,0.5988023952095745,"Klimes et al., Phys. Rev. B 83, 195131 (2011)"
Li,alkali_metal,cohesive_energy_eV_atom,PBE,1.6,1.67,-0.06999999999999984,-4.191616766467055,"Klimes et al., Phys. Rev. B 83, 195131 (2011)"
Na,alkali_metal,cohesive_energy_eV_atom,revPBE_vdW,1.01,1.13,-0.11999999999999988,-10.619469026548668,"Klimes et al., Phys. Rev. B 83, 195131 (2011)"
Na,alkali_metal,cohesive_energy_eV_atom,rPW86_vdW2,0.9,1.13,-0.22999999999999987,-20.353982300884944,"Klimes et al., Phys. Rev. B 83, 195131 (2011)"
Na,alkali_metal,cohesive_energy_eV_atom,optPBE_vdW,1.09,1.13,-0.039999999999999813,-3.539823008849541,"Klimes et al., Phys. Rev. B 83, 195131 (2011)"
Na,alkali_metal,cohesive_energy_eV_atom,optB88_vdW,1.04,1.13,-0.08999999999999986,-7.964601769911495,"Klimes et al., Phys. Rev. B 83, 195131 (2011)"
Na,alkali_metal,cohesive_energy_eV_atom,optB86b_vdW,1.1,1.13,-0.029999999999999805,-2.65486725663715,"Klimes et al., Phys. Rev. B 83, 195131 (2011)"
Na,alkali_metal,cohesive_energy_eV_atom,LDA,1.24,1.13,0.1100000000000001,9.734513274336297,"Klimes et al., Phys. Rev. B 83, 195131 (2011)"
Na,alkali_metal,cohesive_energy_eV_atom,PBEsol,1.15,1.13,0.020000000000000018,1.7699115044247815,"Klimes et al., Phys. Rev. B 83, 195131 (2011)"
Na,alkali_metal,cohesive_energy_eV_atom,PBE,1.08,1.13,-0.04999999999999982,-4.424778761061932,"Klimes et al., Phys. Rev. B 83, 195131 (2011)"
K,alkali_metal,cohesive_energy_eV_atom,revPBE_vdW,0.84,0.94,-0.09999999999999998,-10.638297872340418,"Klimes et al., Phys. Rev. B 83, 195131 (2011)"
K,alkali_metal,cohesive_energy_eV_atom,rPW86_vdW2,0.75,0.94,-0.18999999999999995,-20.2127659574468,"Klimes et al., Phys. Rev. B 83, 195131 (2011)"
K,alkali_metal,cohesive_energy_eV_atom,optPBE_vdW,0.91,0.94,-0.029999999999999916,-3.1914893617021156,"Klimes et al., Phys. Rev. B 83, 195131 (2011)"
K,alkali_metal,cohesive_energy_eV_atom,optB88_vdW,0.88,0.94,-0.05999999999999994,-6.382978723404253,"Klimes et al., Phys. Rev. B 83, 195131 (2011)"
K,alkali_metal,cohesive_energy_eV_atom,optB86b_vdW,0.92,0.94,-0.019999999999999907,-2.127659574468077,"Klimes et al., Phys. Rev. B 83, 195131 (2011)"
K,alkali_metal,cohesive_energy_eV_atom,LDA,1.01,0.94,0.07000000000000006,7.446808510638303,"Klimes et al., Phys. Rev. B 83, 195131 (2011)"
K,alkali_metal,cohesive_energy_eV_atom,PBEsol,0.93,0.94,-0.009999999999999898,-1.0638297872340274,"Klimes et al., Phys. Rev. B 83, 195131 (2011)"
K,alkali_metal,cohesive_energy_eV_atom,PBE,0.86,0.94,-0.07999999999999996,-8.510638297872342,"Klimes et al., Phys. Rev. B 83, 195131 (2011)"
Rb,alkali_metal,cohesive_energy_eV_atom,revPBE_vdW,0.76,0.86,-0.09999999999999998,-11.627906976744185,"Klimes et al., Phys. Rev. B 83, 195131 (2011)"
Rb,alkali_metal,cohesive_energy_eV_atom,rPW86_vdW2,0.69,0.86,-0.17000000000000004,-19.76744186046512,"Klimes et al., Phys. Rev. B 83, 195131 (2011)"
Rb,alkali_metal,cohesive_energy_eV_atom,optPBE_vdW,0.84,0.86,-0.020000000000000018,-2.3255813953488413,"Klimes et al., Phys. Rev. B 83, 195131 (2011)"
Rb,alkali_metal,cohesive_energy_eV_atom,optB88_vdW,0.81,0.86,-0.04999999999999993,-5.813953488372081,"Klimes et al., Phys. Rev. B 83, 195131 (2011)"
Rb,alkali_metal,cohesive_energy_eV_atom,optB86b_vdW,0.85,0.86,-0.010000000000000009,-1.1627906976744207,"Klimes et al., Phys. Rev. B 83, 195131 (2011)"
Rb,alkali_metal,cohesive_energy_eV_atom,LDA,0.92,0.86,0.06000000000000005,6.976744186046524,"Klimes et al., Phys. Rev. B 83, 195131 (2011)"
Rb,alkali_metal,cohesive_energy_eV_atom,PBEsol,0.83,0.86,-0.030000000000000027,-3.488372093023262,"Klimes et al., Phys. Rev. B 83, 195131 (2011)"
Rb,alkali_metal,cohesive_energy_eV_atom,PBE,0.77,0.86,-0.08999999999999997,-10.465116279069765,"Klimes et al., Phys. Rev. B 83, 195131 (2011)"
Cs,alkali_metal,cohesive_energy_eV_atom,revPBE_vdW,0.72,0.81,-0.09000000000000008,-11.111111111111116,"Klimes et al., Phys. Rev. B 83, 195131 (2011)"
Cs,alkali_metal,cohesive_energy_eV_atom,rPW86_vdW2,0.66,0.81,-0.15000000000000002,-18.518518518518523,"Klimes et al., Phys. Rev. B 83, 195131 (2011)"
Cs,alkali_metal,cohesive_energy_eV_atom,optPBE_vdW,0.8,0.81,-0.010000000000000009,-1.2345679012345734,"Klimes et al., Phys. Rev. B 83, 195131 (2011)"
Cs,alkali_metal,cohesive_energy_eV_atom,optB88_vdW,0.79,0.81,-0.020000000000000018,-2.4691358024691357,"Klimes et al., Phys. Rev. B 83, 195131 (2011)"
Cs,alkali_metal,cohesive_energy_eV_atom,optB86b_vdW,0.81,0.81,0.0,0.0,"Klimes et al., Phys. Rev. B 83, 195131 (2011)"
Cs,alkali_metal,cohesive_energy_eV_atom,LDA,0.87,0.81,0.05999999999999994,7.407407407407396,"Klimes et al., Phys. Rev. B 83, 195131 (2011)"
Cs,alkali_metal,cohesive_energy_eV_atom,PBEsol,0.77,0.81,-0.040000000000000036,-4.938271604938271,"Klimes et al., Phys. Rev. B 83, 195131 (2011)"
Cs,alkali_metal,cohesive_energy_eV_atom,PBE,0.7,0.81,-0.1100000000000001,-13.580246913580263,"Klimes et al., Phys. Rev. B 83, 195131 (2011)"
Ca,alkaline_earth_metal,cohesive_energy_eV_atom,revPBE_vdW,1.62,1.86,-0.24,-12.903225806451612,"Klimes et al., Phys. Rev. B 83, 195131 (2011)"
Ca,alkaline_earth_metal,cohesive_energy_eV_atom,rPW86_vdW2,1.4,1.86,-0.4600000000000002,-24.731182795698935,"Klimes et al., Phys. Rev. B 83, 195131 (2011)"
Ca,alkaline_earth_metal,cohesive_energy_eV_atom,optPBE_vdW,1.82,1.86,-0.040000000000000036,-2.1505376344086002,"Klimes et al., Phys. Rev. B 83, 195131 (2011)"
Ca,alkaline_earth_metal,cohesive_energy_eV_atom,optB88_vdW,1.88,1.86,0.019999999999999796,1.0752688172043001,"Klimes et al., Phys. Rev. B 83, 195131 (2011)"
Ca,alkaline_earth_metal,cohesive_energy_eV_atom,optB86b_vdW,1.99,1.86,0.1299999999999999,6.989247311827951,"Klimes et al., Phys. Rev. B 83, 195131 (2011)"
Ca,alkaline_earth_metal,cohesive_energy_eV_atom,LDA,2.21,1.86,0.34999999999999987,18.81720430107525,"Klimes et al., Phys. Rev. B 83, 195131 (2011)"
Ca,alkaline_earth_metal,cohesive_energy_eV_atom,PBEsol,2.11,1.86,0.24999999999999978,13.440860215053752,"Klimes et al., Phys. Rev. B 83, 195131 (2011)"
Ca,alkaline_earth_metal,cohesive_energy_eV_atom,PBE,1.9,1.86,0.039999999999999813,2.1505376344086002,"Klimes et al., Phys. Rev. B 83, 195131 (2011)"
Sr,alkaline_earth_metal,cohesive_energy_eV_atom,revPBE_vdW,1.36,1.73,-0.3699999999999999,-21.387283236994215,"Klimes et al., Phys. Rev. B 83, 195131 (2011)"
Sr,alkaline_earth_metal,cohesive_energy_eV_atom,rPW86_vdW2,1.13,1.73,-0.6000000000000001,-34.6820809248555,"Klimes et al., Phys. Rev. B 83, 195131 (2011)"
Sr,alkaline_earth_metal,cohesive_energy_eV_atom,optPBE_vdW,1.56,1.73,-0.16999999999999993,-9.826589595375722,"Klimes et al., Phys. Rev. B 83, 195131 (2011)"
Sr,alkaline_earth_metal,cohesive_energy_eV_atom,optB88_vdW,1.61,1.73,-0.11999999999999988,-6.936416184971095,"Klimes et al., Phys. Rev. B 83, 195131 (2011)"
Sr,alkaline_earth_metal,cohesive_energy_eV_atom,optB86b_vdW,1.73,1.73,0.0,0.0,"Klimes et al., Phys. Rev. B 83, 195131 (2011)"
Sr,alkaline_earth_metal,cohesive_energy_eV_atom,LDA,1.9,1.73,0.16999999999999993,9.826589595375722,"Klimes et al., Phys. Rev. B 83, 195131 (2011)"
Sr,alkaline_earth_metal,cohesive_energy_eV_atom,PBEsol,1.81,1.73,0.08000000000000007,4.6242774566473965,"Klimes et al., Phys. Rev. B 83, 195131 (2011)"
Sr,alkaline_earth_metal,cohesive_energy_eV_atom,PBE,1.61,1.73,-0.11999999999999988,-6.936416184971095,"Klimes et al., Phys. Rev. B 83, 195131 (2011)"
Ba,alkaline_earth_metal,cohesive_energy_eV_atom,revPBE_vdW,1.68,1.91,-0.22999999999999998,-12.041884816753923,"Klimes et al., Phys. Rev. B 83, 195131 (2011)"
Ba,alkaline_earth_metal,cohesive_energy_eV_atom,rPW86_vdW2,1.52,1.91,-0.3899999999999999,-20.41884816753926,"Klimes et al., Phys. Rev. B 83, 195131 (2011)"
Ba,alkaline_earth_metal,cohesive_energy_eV_atom,optPBE_vdW,1.9,1.91,-0.010000000000000009,-0.5235602094240788,"Klimes et al., Phys. Rev. B 83, 195131 (2011)"
Ba,alkaline_earth_metal,cohesive_energy_eV_atom,optB88_vdW,1.99,1.91,0.08000000000000007,4.188481675392675,"Klimes et al., Phys. Rev. B 83, 195131 (2011)"
Ba,alkaline_earth_metal,cohesive_energy_eV_atom,optB86b_vdW,2.08,1.91,0.17000000000000015,8.900523560209429,"Klimes et al., Phys. Rev. B 83, 195131 (2011)"
Ba,alkaline_earth_metal,cohesive_energy_eV_atom,LDA,2.24,1.91,0.3300000000000003,17.277486910994778,"Klimes et al., Phys. Rev. B 83, 195131 (2011)"
Ba,alkaline_earth_metal,cohesive_energy_eV_atom,PBEsol,2.12,1.91,0.2100000000000002,10.994764397905765,"Klimes et al., Phys. Rev. B 83, 195131 (2011)"
Ba,alkaline_earth_metal,cohesive_energy_eV_atom,PBE,1.88,1.91,-0.030000000000000027,-1.5706806282722474,"Klimes et al., Phys. Rev. B 83, 195131 (2011)"
Al,simple_metal,cohesive_energy_eV_atom,revPBE_vdW,2.96,3.44,-0.48,-13.953488372093027,"Klimes et al., Phys. Rev. B 83, 195131 (2011)"
Al,simple_metal,cohesive_energy_eV_atom,rPW86_vdW2,2.56,3.44,-0.8799999999999999,-25.581395348837212,"Klimes et al., Phys. Rev. B 83, 195131 (2011)"
Al,simple_metal,cohesive_energy_eV_atom,optPBE_vdW,3.3,3.44,-0.14000000000000012,-4.069767441860472,"Klimes et al., Phys. Rev. B 83, 195131 (2011)"
Al,simple_metal,cohesive_energy_eV_atom,optB88_vdW,3.34,3.44,-0.10000000000000009,-2.9069767441860517,"Klimes et al., Phys. Rev. B 83, 195131 (2011)"
Al,simple_metal,cohesive_energy_eV_atom,optB86b_vdW,3.61,3.44,0.16999999999999993,4.941860465116288,"Klimes et al., Phys. Rev. B 83, 195131 (2011)"
Al,simple_metal,cohesive_energy_eV_atom,LDA,4.04,3.44,0.6000000000000001,17.44186046511629,"Klimes et al., Phys. Rev. B 83, 195131 (2011)"
Al,simple_metal,cohesive_energy_eV_atom,PBEsol,3.86,3.44,0.41999999999999993,12.209302325581394,"Klimes et al., Phys. Rev. B 83, 195131 (2011)"
Al,simple_metal,cohesive_energy_eV_atom,PBE,3.5,3.44,0.06000000000000005,1.744186046511631,"Klimes et al., Phys. Rev. B 83, 195131 (2011)"
LiF,ionic,cohesive_energy_eV_atom,revPBE_vdW,4.36,4.47,-0.10999999999999943,-2.460850111856816,"Klimes et al., Phys. Rev. B 83, 195131 (2011)"
LiF,ionic,cohesive_energy_eV_atom,rPW86_vdW2,4.48,4.47,0.010000000000000675,0.22371364653246406,"Klimes et al., Phys. Rev. B 83, 195131 (2011)"
LiF,ionic,cohesive_energy_eV_atom,optPBE_vdW,4.49,4.47,0.020000000000000462,0.4474272930648837,"Klimes et al., Phys. Rev. B 83, 195131 (2011)"
LiF,ionic,cohesive_energy_eV_atom,optB88_vdW,4.53,4.47,0.0600000000000005,1.3422818791946511,"Klimes et al., Phys. Rev. B 83, 195131 (2011)"
LiF,ionic,cohesive_energy_eV_atom,optB86b_vdW,4.5,4.47,0.03000000000000025,0.6711409395973256,"Klimes et al., Phys. Rev. B 83, 195131 (2011)"
LiF,ionic,cohesive_energy_eV_atom,LDA,4.94,4.47,0.47000000000000064,10.514541387024634,"Klimes et al., Phys. Rev. B 83, 195131 (2011)"
LiF,ionic,cohesive_energy_eV_atom,PBEsol,4.47,4.47,0.0,0.0,"Klimes et al., Phys. Rev. B 83, 195131 (2011)"
LiF,ionic,cohesive_energy_eV_atom,PBE,4.32,4.47,-0.14999999999999947,-3.3557046979865612,"Klimes et al., Phys. Rev. B 83, 195131 (2011)"
LiCl,ionic,cohesive_energy_eV_atom,revPBE_vdW,3.47,3.59,-0.11999999999999966,-3.342618384401108,"Klimes et al., Phys. Rev. B 83, 195131 (2011)"
LiCl,ionic,cohesive_energy_eV_atom,rPW86_vdW2,3.51,3.59,-0.08000000000000007,-2.228412256267409,"Klimes et al., Phys. Rev. B 83, 195131 (2011)"
LiCl,ionic,cohesive_energy_eV_atom,optPBE_vdW,3.58,3.59,-0.009999999999999787,-0.278551532033422,"Klimes et al., Phys. Rev. B 83, 195131 (2011)"
LiCl,ionic,cohesive_energy_eV_atom,optB88_vdW,3.61,3.59,0.020000000000000018,0.557103064066844,"Klimes et al., Phys. Rev. B 83, 195131 (2011)"
LiCl,ionic,cohesive_energy_eV_atom,optB86b_vdW,3.6,3.59,0.010000000000000231,0.278551532033422,"Klimes et al., Phys. Rev. B 83, 195131 (2011)"
LiCl,ionic,cohesive_energy_eV_atom,LDA,3.83,3.59,0.2400000000000002,6.6852367688022385,"Klimes et al., Phys. Rev. B 83, 195131 (2011)"
LiCl,ionic,cohesive_energy_eV_atom,PBEsol,3.55,3.59,-0.040000000000000036,-1.1142061281337101,"Klimes et al., Phys. Rev. B 83, 195131 (2011)"
LiCl,ionic,cohesive_energy_eV_atom,PBE,3.42,3.59,-0.16999999999999993,-4.73537604456824,"Klimes et al., Phys. Rev. B 83, 195131 (2011)"
NaF,ionic,cohesive_energy_eV_atom,revPBE_vdW,3.89,3.98,-0.08999999999999986,-2.2613065326633097,"Klimes et al., Phys. Rev. B 83, 195131 (2011)"
NaF,ionic,cohesive_energy_eV_atom,rPW86_vdW2,3.95,3.98,-0.029999999999999805,-0.7537688442211032,"Klimes et al., Phys. Rev. B 83, 195131 (2011)"
NaF,ionic,cohesive_energy_eV_atom,optPBE_vdW,4.0,3.98,0.020000000000000018,0.5025125628140614,"Klimes et al., Phys. Rev. B 83, 195131 (2011)"
NaF,ionic,cohesive_energy_eV_atom,optB88_vdW,4.02,3.98,0.03999999999999959,1.0050251256281229,"Klimes et al., Phys. Rev. B 83, 195131 (2011)"
NaF,ionic,cohesive_energy_eV_atom,optB86b_vdW,4.0,3.98,0.020000000000000018,0.5025125628140614,"Klimes et al., Phys. Rev. B 83, 195131 (2011)"
NaF,ionic,cohesive_energy_eV_atom,LDA,4.38,3.98,0.3999999999999999,10.050251256281406,"Klimes et al., Phys. Rev. B 83, 195131 (2011)"
NaF,ionic,cohesive_energy_eV_atom,PBEsol,3.95,3.98,-0.029999999999999805,-0.7537688442211032,"Klimes et al., Phys. Rev. B 83, 195131 (2011)"
NaF,ionic,cohesive_energy_eV_atom,PBE,3.82,3.98,-0.16000000000000014,-4.02010050251257,"Klimes et al., Phys. Rev. B 83, 195131 (2011)"
NaCl,ionic,cohesive_energy_eV_atom,revPBE_vdW,3.23,3.34,-0.10999999999999988,-3.293413173652693,"Klimes et al., Phys. Rev. B 83, 195131 (2011)"
NaCl,ionic,cohesive_energy_eV_atom,rPW86_vdW2,3.21,3.34,-0.1299999999999999,-3.8922155688622673,"Klimes et al., Phys. Rev. B 83, 195131 (2011)"
NaCl,ionic,cohesive_energy_eV_atom,optPBE_vdW,3.32,3.34,-0.020000000000000018,-0.5988023952095856,"Klimes et al., Phys. Rev. B 83, 195131 (2011)"
NaCl,ionic,cohesive_energy_eV_atom,optB88_vdW,3.33,3.34,-0.009999999999999787,-0.29940119760478723,"Klimes et al., Phys. Rev. B 83, 195131 (2011)"
NaCl,ionic,cohesive_energy_eV_atom,optB86b_vdW,3.32,3.34,-0.020000000000000018,-0.5988023952095856,"Klimes et al., Phys. Rev. B 83, 195131 (2011)"
NaCl,ionic,cohesive_energy_eV_atom,LDA,3.5,3.34,0.16000000000000014,4.790419161676662,"Klimes et al., Phys. Rev. B 83, 195131 (2011)"
NaCl,ionic,cohesive_energy_eV_atom,PBEsol,3.25,3.34,-0.08999999999999986,-2.6946107784431073,"Klimes et al., Phys. Rev. B 83, 195131 (2011)"
NaCl,ionic,cohesive_energy_eV_atom,PBE,3.15,3.34,-0.18999999999999995,-5.688622754491012,"Klimes et al., Phys. Rev. B 83, 195131 (2011)"
MgO,ionic,cohesive_energy_eV_atom,revPBE_vdW,4.83,5.27,-0.4399999999999995,-8.349146110056916,"Klimes et al., Phys. Rev. B 83, 195131 (2011)"
MgO,ionic,cohesive_energy_eV_atom,rPW86_vdW2,4.85,5.27,-0.41999999999999993,-7.969639468690703,"Klimes et al., Phys. Rev. B 83, 195131 (2011)"
MgO,ionic,cohesive_energy_eV_atom,optPBE_vdW,5.08,5.27,-0.1899999999999995,-3.6053130929791233,"Klimes et al., Phys. Rev. B 83, 195131 (2011)"
MgO,ionic,cohesive_energy_eV_atom,optB88_vdW,5.21,5.27,-0.05999999999999961,-1.1385199240986688,"Klimes et al., Phys. Rev. B 83, 195131 (2011)"
MgO,ionic,cohesive_energy_eV_atom,optB86b_vdW,5.23,5.27,-0.03999999999999915,-0.7590132827324347,"Klimes et al., Phys. Rev. B 83, 195131 (2011)"
MgO,ionic,cohesive_energy_eV_atom,LDA,5.88,5.27,0.6100000000000003,11.574952561669827,"Klimes et al., Phys. Rev. B 83, 195131 (2011)"
MgO,ionic,cohesive_energy_eV_atom,PBEsol,5.29,5.27,0.020000000000000462,0.379506641366234,"Klimes et al., Phys. Rev. B 83, 195131 (2011)"
MgO,ionic,cohesive_energy_eV_atom,PBE,4.97,5.27,-0.2999999999999998,-5.692599620493355,"Klimes et al., Phys. Rev. B 83, 195131 (2011)"
C,covalent,cohesive_energy_eV_atom,revPBE_vdW,7.09,7.58,-0.4900000000000002,-6.46437994722956,"Klimes et al., Phys. Rev. B 83, 195131 (2011)"
C,covalent,cohesive_energy_eV_atom,rPW86_vdW2,6.95,7.58,-0.6299999999999999,-8.311345646437996,"Klimes et al., Phys. Rev. B 83, 195131 (2011)"
C,covalent,cohesive_energy_eV_atom,optPBE_vdW,7.54,7.58,-0.040000000000000036,-0.527704485488123,"Klimes et al., Phys. Rev. B 83, 195131 (2011)"
C,covalent,cohesive_energy_eV_atom,optB88_vdW,7.7,7.58,0.1200000000000001,1.58311345646438,"Klimes et al., Phys. Rev. B 83, 195131 (2011)"
C,covalent,cohesive_energy_eV_atom,optB86b_vdW,7.88,7.58,0.2999999999999998,3.95778364116095,"Klimes et al., Phys. Rev. B 83, 195131 (2011)"
C,covalent,cohesive_energy_eV_atom,LDA,9.01,7.58,1.4299999999999997,18.865435356200532,"Klimes et al., Phys. Rev. B 83, 195131 (2011)"
C,covalent,cohesive_energy_eV_atom,PBEsol,8.26,7.58,0.6799999999999997,8.970976253298147,"Klimes et al., Phys. Rev. B 83, 195131 (2011)"
C,covalent,cohesive_energy_eV_atom,PBE,7.7,7.58,0.1200000000000001,1.58311345646438,"Klimes et al., Phys. Rev. B 83, 195131 (2011)"
SiC,covalent,cohesive_energy_eV_atom,revPBE_vdW,6.02,6.49,-0.47000000000000064,-7.241910631741155,"Klimes et al., Phys. Rev. B 83, 195131 (2011)"
SiC,covalent,cohesive_energy_eV_atom,rPW86_vdW2,5.82,6.49,-0.6699999999999999,-10.323574730354391,"Klimes et al., Phys. Rev. B 83, 195131 (2011)"
SiC,covalent,cohesive_energy_eV_atom,optPBE_vdW,6.37,6.49,-0.1200000000000001,-1.8489984591679498,"Klimes et al., Phys. Rev. B 83, 195131 (2011)"
SiC,covalent,cohesive_energy_eV_atom,optB88_vdW,6.52,6.49,0.02999999999999936,0.46224961479197635,"Klimes et al., Phys. Rev. B 83, 195131 (2011)"
SiC,covalent,cohesive_energy_eV_atom,optB86b_vdW,6.67,6.49,0.17999999999999972,2.7734976887519247,"Klimes et al., Phys. Rev. B 83, 195131 (2011)"
SiC,covalent,cohesive_energy_eV_atom,LDA,7.45,6.49,0.96,14.791987673343598,"Klimes et al., Phys. Rev. B 83, 195131 (2011)"
SiC,covalent,cohesive_energy_eV_atom,PBEsol,6.88,6.49,0.3899999999999997,6.009244992295826,"Klimes et al., Phys. Rev. B 83, 195131 (2011)"
SiC,covalent,cohesive_energy_eV_atom,PBE,6.44,6.49,-0.04999999999999982,-0.7704160246533087,"Klimes et al., Phys. Rev. B 83, 195131 (2011)"
Si,semiconductor,cohesive_energy_eV_atom,revPBE_vdW,4.35,4.68,-0.33000000000000007,-7.051282051282048,"Klimes et al., Phys. Rev. B 83, 195131 (2011)"
Si,semiconductor,cohesive_energy_eV_atom,rPW86_vdW2,4.05,4.68,-0.6299999999999999,-13.461538461538458,"Klimes et al., Phys. Rev. B 83, 195131 (2011)"
Si,semiconductor,cohesive_energy_eV_atom,optPBE_vdW,4.6,4.68,-0.08000000000000007,-1.7094017094017144,"Klimes et al., Phys. Rev. B 83, 195131 (2011)"
Si,semiconductor,cohesive_energy_eV_atom,optB88_vdW,4.74,4.68,0.0600000000000005,1.2820512820512997,"Klimes et al., Phys. Rev. B 83, 195131 (2011)"
Si,semiconductor,cohesive_energy_eV_atom,optB86b_vdW,4.87,4.68,0.1900000000000004,4.059829059829068,"Klimes et al., Phys. Rev. B 83, 195131 (2011)"
Si,semiconductor,cohesive_energy_eV_atom,LDA,5.34,4.68,0.6600000000000001,14.102564102564097,"Klimes et al., Phys. Rev. B 83, 195131 (2011)"
Si,semiconductor,cohesive_energy_eV_atom,PBEsol,4.95,4.68,0.27000000000000046,5.769230769230771,"Klimes et al., Phys. Rev. B 83, 195131 (2011)"
Si,semiconductor,cohesive_energy_eV_atom,PBE,4.62,4.68,-0.05999999999999961,-1.2820512820512775,"Klimes et al., Phys. Rev. B 83, 195131 (2011)"
Ge,semiconductor,cohesive_energy_eV_atom,revPBE_vdW,3.43,3.86,-0.4299999999999997,-11.13989637305699,"Klimes et al., Phys. Rev. B 83, 195131 (2011)"
Ge,semiconductor,cohesive_energy_eV_atom,rPW86_vdW2,3.09,3.86,-0.77,-19.948186528497413,"Klimes et al., Phys. Rev. B 83, 195131 (2011)"
Ge,semiconductor,cohesive_energy_eV_atom,optPBE_vdW,3.76,3.86,-0.10000000000000009,-2.590673575129532,"Klimes et al., Phys. Rev. B 83, 195131 (2011)"
Ge,semiconductor,cohesive_energy_eV_atom,optB88_vdW,3.9,3.86,0.040000000000000036,1.0362694300518172,"Klimes et al., Phys. Rev. B 83, 195131 (2011)"
Ge,semiconductor,cohesive_energy_eV_atom,optB86b_vdW,4.01,3.86,0.1499999999999999,3.886010362694292,"Klimes et al., Phys. Rev. B 83, 195131 (2011)"
Ge,semiconductor,cohesive_energy_eV_atom,LDA,4.62,3.86,0.7600000000000002,19.68911917098446,"Klimes et al., Phys. Rev. B 83, 195131 (2011)"
Ge,semiconductor,cohesive_energy_eV_atom,PBEsol,4.15,3.86,0.2900000000000005,7.512953367875652,"Klimes et al., Phys. Rev. B 83, 195131 (2011)"
Ge,semiconductor,cohesive_energy_eV_atom,PBE,3.72,3.86,-0.13999999999999968,-3.626943005181338,"Klimes et al., Phys. Rev. B 83, 195131 (2011)"
GaAs,semiconductor,cohesive_energy_eV_atom,revPBE_vdW,2.9,3.39,-0.4900000000000002,-14.454277286135698,"Klimes et al., Phys. Rev. B 83, 195131 (2011)"
GaAs,semiconductor,cohesive_energy_eV_atom,rPW86_vdW2,2.73,3.39,-0.6600000000000001,-19.469026548672574,"Klimes et al., Phys. Rev. B 83, 195131 (2011)"
GaAs,semiconductor,cohesive_energy_eV_atom,optPBE_vdW,3.27,3.39,-0.1200000000000001,-3.539823008849563,"Klimes et al., Phys. Rev. B 83, 195131 (2011)"
GaAs,semiconductor,cohesive_energy_eV_atom,optB88_vdW,3.36,3.39,-0.03000000000000025,-0.8849557522124019,"Klimes et al., Phys. Rev. B 83, 195131 (2011)"
GaAs,semiconductor,cohesive_energy_eV_atom,optB86b_vdW,3.44,3.39,0.04999999999999982,1.4749262536873031,"Klimes et al., Phys. Rev. B 83, 195131 (2011)"
GaAs,semiconductor,cohesive_energy_eV_atom,LDA,4.09,3.39,0.6999999999999997,20.6489675516224,"Klimes et al., Phys. Rev. B 83, 195131 (2011)"
GaAs,semiconductor,cohesive_energy_eV_atom,PBEsol,3.55,3.39,0.1599999999999997,4.71976401179941,"Klimes et al., Phys. Rev. B 83, 195131 (2011)"
GaAs,semiconductor,cohesive_energy_eV_atom,PBE,3.15,3.39,-0.2400000000000002,-7.079646017699126,"Klimes et al., Phys. Rev. B 83, 195131 (2011)"
Cu,transition_metal,cohesive_energy_eV_atom,GFN1,4.642694694972351,3.52,1.1226946949723513,31.894735652623616,CP2K native Bloch + tblite
Ag,transition_metal,cohesive_energy_eV_atom,GFN1,3.30147315390705,2.97,0.3314731539070497,11.160712252762606,CP2K native Bloch + tblite
Ag,transition_metal,cohesive_energy_eV_atom,GFN2,3.6755780467924675,2.97,0.7055780467924673,23.75683659233896,CP2K native Bloch + tblite
Pd,transition_metal,cohesive_energy_eV_atom,GFN1,1.468491975007483,3.92,-2.451508024992517,-62.53847002531931,CP2K native Bloch + tblite
Pd,transition_metal,cohesive_energy_eV_atom,GFN2,4.7276831222320075,3.92,0.8076831222320076,20.604161281428766,CP2K native Bloch + tblite
Rh,transition_metal,cohesive_energy_eV_atom,GFN1,9.444088101424079,5.78,3.6640881014240785,63.39252770629893,CP2K native Bloch + tblite
Rh,transition_metal,cohesive_energy_eV_atom,GFN2,8.483467815537876,5.78,2.703467815537876,46.77279957677987,CP2K native Bloch + tblite
Li,alkali_metal,cohesive_energy_eV_atom,GFN1,3.790239172835038,1.67,2.120239172835038,126.96042951108014,CP2K native Bloch + tblite
Li,alkali_metal,cohesive_energy_eV_atom,GFN2,2.1542888090913452,1.67,0.4842888090913453,28.9993298857093,CP2K native Bloch + tblite
Na,alkali_metal,cohesive_energy_eV_atom,GFN1,3.5886237743630285,1.13,2.4586237743630286,217.57732516486982,CP2K native Bloch + tblite
Na,alkali_metal,cohesive_energy_eV_atom,GFN2,1.6911494952460038,1.13,0.5611494952460039,49.65924736690299,CP2K native Bloch + tblite
K,alkali_metal,cohesive_energy_eV_atom,GFN1,5.6693023165855205,0.94,4.729302316585521,503.1172677218639,CP2K native Bloch + tblite
K,alkali_metal,cohesive_energy_eV_atom,GFN2,1.6385818800731953,0.94,0.6985818800731953,74.3172212843825,CP2K native Bloch + tblite
Rb,alkali_metal,cohesive_energy_eV_atom,GFN1,3.80753738199017,0.86,2.9475373819901702,342.73690488257796,CP2K native Bloch + tblite
Rb,alkali_metal,cohesive_energy_eV_atom,GFN2,2.229820102733179,0.86,1.3698201027331791,159.2814072945557,CP2K native Bloch + tblite
Cs,alkali_metal,cohesive_energy_eV_atom,GFN1,3.871257012842661,0.81,3.061257012842661,377.93296454847666,CP2K native Bloch + tblite
Cs,alkali_metal,cohesive_energy_eV_atom,GFN2,1.7543405315858087,0.81,0.9443405315858087,116.58525081306279,CP2K native Bloch + tblite
Ca,alkaline_earth_metal,cohesive_energy_eV_atom,GFN1,1.2964592691138423,1.86,-0.5635407308861577,-30.29788875732031,CP2K native Bloch + tblite
Ca,alkaline_earth_metal,cohesive_energy_eV_atom,GFN2,1.60836468848457,1.86,-0.25163531151543017,-13.52878018900162,CP2K native Bloch + tblite
Sr,alkaline_earth_metal,cohesive_energy_eV_atom,GFN1,1.4564956455970222,1.73,-0.2735043544029778,-15.809500254507391,CP2K native Bloch + tblite
Sr,alkaline_earth_metal,cohesive_energy_eV_atom,GFN2,1.325524534160508,1.73,-0.404475465839492,-23.380084730606477,CP2K native Bloch + tblite
Ba,alkaline_earth_metal,cohesive_energy_eV_atom,GFN1,2.6321136200376642,1.91,0.7221136200376643,37.806995813490275,CP2K native Bloch + tblite
Ba,alkaline_earth_metal,cohesive_energy_eV_atom,GFN2,1.6301883826073977,1.91,-0.2798116173926022,-14.649822900136245,CP2K native Bloch + tblite
Al,simple_metal,cohesive_energy_eV_atom,GFN1,4.578800607493066,3.44,1.1388006074930659,33.104668822472846,CP2K native Bloch + tblite
Al,simple_metal,cohesive_energy_eV_atom,GFN2,4.834418678327364,3.44,1.3944186783273644,40.53542669556292,CP2K native Bloch + tblite
LiF,ionic,cohesive_energy_eV_atom,GFN1,4.8699133791398435,4.47,0.3999133791398437,8.9466080344484,CP2K native Bloch + tblite
LiF,ionic,cohesive_energy_eV_atom,GFN2,4.545965464762492,4.47,0.07596546476249255,1.6994511132548684,CP2K native Bloch + tblite
LiCl,ionic,cohesive_energy_eV_atom,GFN1,4.369855263677027,3.59,0.7798552636770273,21.722987846156762,CP2K native Bloch + tblite
LiCl,ionic,cohesive_energy_eV_atom,GFN2,4.370210826383962,3.59,0.7802108263839624,21.732892099831822,CP2K native Bloch + tblite
NaF,ionic,cohesive_energy_eV_atom,GFN1,5.033678202017414,3.98,1.0536782020174136,26.47432668385461,CP2K native Bloch + tblite
NaF,ionic,cohesive_energy_eV_atom,GFN2,3.675949180481818,3.98,-0.3040508195181819,-7.639467827089996,CP2K native Bloch + tblite
NaCl,ionic,cohesive_energy_eV_atom,GFN1,4.836047189225593,3.34,1.4960471892255933,44.791832012742326,CP2K native Bloch + tblite
NaCl,ionic,cohesive_energy_eV_atom,GFN2,3.901021267040783,3.34,0.561021267040783,16.79704392337673,CP2K native Bloch + tblite
MgO,ionic,cohesive_energy_eV_atom,GFN1,5.093428728318211,5.27,-0.1765712716817882,-3.3504985138859245,CP2K native Bloch + tblite
C,covalent,cohesive_energy_eV_atom,GFN1,9.550020137047296,7.58,1.970020137047296,25.98971157054479,CP2K native Bloch + tblite
C,covalent,cohesive_energy_eV_atom,GFN2,8.867082970361093,7.58,1.2870829703610926,16.97998641637326,CP2K native Bloch + tblite
SiC,covalent,cohesive_energy_eV_atom,GFN1,7.344255344403998,6.49,0.854255344403998,13.162640129491487,CP2K native Bloch + tblite
SiC,covalent,cohesive_energy_eV_atom,GFN2,5.805478799663611,6.49,-0.6845212003363894,-10.547322039081497,CP2K native Bloch + tblite
Si,semiconductor,cohesive_energy_eV_atom,GFN1,5.154718940080397,4.68,0.4747189400803977,10.143567095734983,CP2K native Bloch + tblite
Si,semiconductor,cohesive_energy_eV_atom,GFN2,2.9586479446969434,4.68,-1.7213520553030563,-36.78102682271488,CP2K native Bloch + tblite
Ge,semiconductor,cohesive_energy_eV_atom,GFN1,4.304815182267207,3.86,0.4448151822672073,11.523709385160807,CP2K native Bloch + tblite
Ge,semiconductor,cohesive_energy_eV_atom,GFN2,3.4835138701973203,3.86,-0.3764861298026796,-9.753526678825896,CP2K native Bloch + tblite
GaAs,semiconductor,cohesive_energy_eV_atom,GFN1,4.666753249727763,3.39,1.2767532497277627,37.6623377500815,CP2K native Bloch + tblite
GaAs,semiconductor,cohesive_energy_eV_atom,GFN2,2.914128568204745,3.39,-0.47587143179525526,-14.037505362691894,CP2K native Bloch + tblite
